actor_id,name,type,bet_id,role_at_bet,source_url,confidence,rationale
committee-p5-2014,P5 2014 (HEPAP Particle Physics Project Prioritization Panel),committee,p5-2014-mu2e,ranking committee,https://www.usparticlephysics.org/wp-content/uploads/2018/03/FINAL_P5_Report_053014.pdf,confident,"Report of the Particle Physics Project Prioritization Panel, May 2014; panel listed in Appendix B (p. 57 of the PDF, local source lines 3310-3365)"
steve-ritz,"Steve Ritz (University of California, Santa Cruz)",person,p5-2014-mu2e,P5 2014 chair,https://www.usparticlephysics.org/wp-content/uploads/2018/03/FINAL_P5_Report_053014.pdf,confident,"Appendix B, Panel Members: 'Steve Ritz, chair, University of California, Santa Cruz'"
committee-p5-2014,P5 2014 (HEPAP Particle Physics Project Prioritization Panel),committee,p5-2014-muon-g-2,ranking committee,https://www.usparticlephysics.org/wp-content/uploads/2018/03/FINAL_P5_Report_053014.pdf,confident,"Report of the Particle Physics Project Prioritization Panel, May 2014; panel listed in Appendix B (p. 57 of the PDF, local source lines 3310-3365)"
steve-ritz,"Steve Ritz (University of California, Santa Cruz)",person,p5-2014-muon-g-2,P5 2014 chair,https://www.usparticlephysics.org/wp-content/uploads/2018/03/FINAL_P5_Report_053014.pdf,confident,"Appendix B, Panel Members: 'Steve Ritz, chair, University of California, Santa Cruz'"
committee-p5-2014,P5 2014 (HEPAP Particle Physics Project Prioritization Panel),committee,p5-2014-hl-lhc,ranking committee,https://www.usparticlephysics.org/wp-content/uploads/2018/03/FINAL_P5_Report_053014.pdf,confident,"Report of the Particle Physics Project Prioritization Panel, May 2014; panel listed in Appendix B (p. 57 of the PDF, local source lines 3310-3365)"
steve-ritz,"Steve Ritz (University of California, Santa Cruz)",person,p5-2014-hl-lhc,P5 2014 chair,https://www.usparticlephysics.org/wp-content/uploads/2018/03/FINAL_P5_Report_053014.pdf,confident,"Appendix B, Panel Members: 'Steve Ritz, chair, University of California, Santa Cruz'"
committee-p5-2014,P5 2014 (HEPAP Particle Physics Project Prioritization Panel),committee,p5-2014-lhc-phase-1,ranking committee,https://www.usparticlephysics.org/wp-content/uploads/2018/03/FINAL_P5_Report_053014.pdf,confident,"Report of the Particle Physics Project Prioritization Panel, May 2014; panel listed in Appendix B (p. 57 of the PDF, local source lines 3310-3365)"
steve-ritz,"Steve Ritz (University of California, Santa Cruz)",person,p5-2014-lhc-phase-1,P5 2014 chair,https://www.usparticlephysics.org/wp-content/uploads/2018/03/FINAL_P5_Report_053014.pdf,confident,"Appendix B, Panel Members: 'Steve Ritz, chair, University of California, Santa Cruz'"
committee-p5-2014,P5 2014 (HEPAP Particle Physics Project Prioritization Panel),committee,p5-2014-pip-ii,ranking committee,https://www.usparticlephysics.org/wp-content/uploads/2018/03/FINAL_P5_Report_053014.pdf,confident,"Report of the Particle Physics Project Prioritization Panel, May 2014; panel listed in Appendix B (p. 57 of the PDF, local source lines 3310-3365)"
steve-ritz,"Steve Ritz (University of California, Santa Cruz)",person,p5-2014-pip-ii,P5 2014 chair,https://www.usparticlephysics.org/wp-content/uploads/2018/03/FINAL_P5_Report_053014.pdf,confident,"Appendix B, Panel Members: 'Steve Ritz, chair, University of California, Santa Cruz'"
committee-p5-2014,P5 2014 (HEPAP Particle Physics Project Prioritization Panel),committee,p5-2014-lsst,ranking committee,https://www.usparticlephysics.org/wp-content/uploads/2018/03/FINAL_P5_Report_053014.pdf,confident,"Report of the Particle Physics Project Prioritization Panel, May 2014; panel listed in Appendix B (p. 57 of the PDF, local source lines 3310-3365)"
steve-ritz,"Steve Ritz (University of California, Santa Cruz)",person,p5-2014-lsst,P5 2014 chair,https://www.usparticlephysics.org/wp-content/uploads/2018/03/FINAL_P5_Report_053014.pdf,confident,"Appendix B, Panel Members: 'Steve Ritz, chair, University of California, Santa Cruz'"
committee-p5-2014,P5 2014 (HEPAP Particle Physics Project Prioritization Panel),committee,p5-2014-dm-g2,ranking committee,https://www.usparticlephysics.org/wp-content/uploads/2018/03/FINAL_P5_Report_053014.pdf,confident,"Report of the Particle Physics Project Prioritization Panel, May 2014; panel listed in Appendix B (p. 57 of the PDF, local source lines 3310-3365)"
steve-ritz,"Steve Ritz (University of California, Santa Cruz)",person,p5-2014-dm-g2,P5 2014 chair,https://www.usparticlephysics.org/wp-content/uploads/2018/03/FINAL_P5_Report_053014.pdf,confident,"Appendix B, Panel Members: 'Steve Ritz, chair, University of California, Santa Cruz'"
committee-p5-2014,P5 2014 (HEPAP Particle Physics Project Prioritization Panel),committee,p5-2014-pingu,ranking committee,https://www.usparticlephysics.org/wp-content/uploads/2018/03/FINAL_P5_Report_053014.pdf,confident,"Report of the Particle Physics Project Prioritization Panel, May 2014; panel listed in Appendix B (p. 57 of the PDF, local source lines 3310-3365)"
steve-ritz,"Steve Ritz (University of California, Santa Cruz)",person,p5-2014-pingu,P5 2014 chair,https://www.usparticlephysics.org/wp-content/uploads/2018/03/FINAL_P5_Report_053014.pdf,confident,"Appendix B, Panel Members: 'Steve Ritz, chair, University of California, Santa Cruz'"
committee-p5-2014,P5 2014 (HEPAP Particle Physics Project Prioritization Panel),committee,p5-2014-mice,ranking committee,https://www.usparticlephysics.org/wp-content/uploads/2018/03/FINAL_P5_Report_053014.pdf,confident,"Report of the Particle Physics Project Prioritization Panel, May 2014; panel listed in Appendix B (p. 57 of the PDF, local source lines 3310-3365)"
steve-ritz,"Steve Ritz (University of California, Santa Cruz)",person,p5-2014-mice,P5 2014 chair,https://www.usparticlephysics.org/wp-content/uploads/2018/03/FINAL_P5_Report_053014.pdf,confident,"Appendix B, Panel Members: 'Steve Ritz, chair, University of California, Santa Cruz'"
committee-p5-2014,P5 2014 (HEPAP Particle Physics Project Prioritization Panel),committee,p5-2014-chips,ranking committee,https://www.usparticlephysics.org/wp-content/uploads/2018/03/FINAL_P5_Report_053014.pdf,confident,"Report of the Particle Physics Project Prioritization Panel, May 2014; panel listed in Appendix B (p. 57 of the PDF, local source lines 3310-3365)"
steve-ritz,"Steve Ritz (University of California, Santa Cruz)",person,p5-2014-chips,P5 2014 chair,https://www.usparticlephysics.org/wp-content/uploads/2018/03/FINAL_P5_Report_053014.pdf,confident,"Appendix B, Panel Members: 'Steve Ritz, chair, University of California, Santa Cruz'"
committee-p5-2014,P5 2014 (HEPAP Particle Physics Project Prioritization Panel),committee,p5-2014-lar1,ranking committee,https://www.usparticlephysics.org/wp-content/uploads/2018/03/FINAL_P5_Report_053014.pdf,confident,"Report of the Particle Physics Project Prioritization Panel, May 2014; panel listed in Appendix B (p. 57 of the PDF, local source lines 3310-3365)"
steve-ritz,"Steve Ritz (University of California, Santa Cruz)",person,p5-2014-lar1,P5 2014 chair,https://www.usparticlephysics.org/wp-content/uploads/2018/03/FINAL_P5_Report_053014.pdf,confident,"Appendix B, Panel Members: 'Steve Ritz, chair, University of California, Santa Cruz'"
committee-p5-2014,P5 2014 (HEPAP Particle Physics Project Prioritization Panel),committee,p5-2014-sbn,ranking committee,https://www.usparticlephysics.org/wp-content/uploads/2018/03/FINAL_P5_Report_053014.pdf,confident,"Report of the Particle Physics Project Prioritization Panel, May 2014; panel listed in Appendix B (p. 57 of the PDF, local source lines 3310-3365)"
steve-ritz,"Steve Ritz (University of California, Santa Cruz)",person,p5-2014-sbn,P5 2014 chair,https://www.usparticlephysics.org/wp-content/uploads/2018/03/FINAL_P5_Report_053014.pdf,confident,"Appendix B, Panel Members: 'Steve Ritz, chair, University of California, Santa Cruz'"
agency-doe,"U.S. Department of Energy, Office of Science (HEP)",agency,p5-2014-mu2e,"funder (host, Fermilab)",https://www.energy.gov/documents/fy-2025-high-energy-physics-budget-request,confident,"bets.csv agency DOE; DOE HEP line-item construction project at Fermilab, no NSF project funding (p5-2014-agency.csv)"
agency-doe,"U.S. Department of Energy, Office of Science (HEP)",agency,p5-2014-mu2e,"rebaselined the project (new TPC and schedule), 2022-12",https://www.energy.gov/documents/fy-2025-high-energy-physics-budget-request,confident,"p5-2014-agency.csv reads the FY2025 HEP request as recording a December 2022 rebaseline with final funding in FY2023; the agency, not the collaboration, owns the cost and schedule reset"
kevin-knoepfel,Kevin Knoepfel (Fermilab),person,p5-2014-mu2e,"lead author, 'Feasibility Study for a Next-Generation Mu2e Experiment' (Snowmass 2013 white paper)",https://arxiv.org/abs/1307.1168,confident,"arXiv:1307.1168, submitted 2013-07-03 (v2 2013-09-30), 'submitted as a White Paper for the APS Division of Particles and Fields Community Summer Study'; author list begins K. Knoepfel, V. Pronskikh, R. Bernstein, ... D. Glenzinski ... J. Miller, S. Miscetti ... R.E. Ray"
jim-miller,James P. Miller (Boston University),person,p5-2014-mu2e,Mu2e co-spokesperson at the time of ranking (co-spokesperson from 2007),https://news.fnal.gov/2020/10/robert-bernstein-still-relishes-challenge-in-second-stint-as-mu2e-co-spokesperson/,confident,"Fermilab news 2020-10-12: Miller co-spokesperson since 2007, when Mu2e received formal approval; also a Snowmass white paper (arXiv:1307.1168) and TDR (arXiv:1501.05241) author"
robert-bernstein,Robert (Bob) Bernstein (Fermilab),person,p5-2014-mu2e,Mu2e co-spokesperson 2007 to 2014 (through the P5 ranking); co-spokesperson again from March 2020,https://news.fnal.gov/2020/10/robert-bernstein-still-relishes-challenge-in-second-stint-as-mu2e-co-spokesperson/,confident,"Fermilab news 2020-10-12: Bernstein co-spokesperson with Miller from 2007 until 2014, when Glenzinski succeeded him; returned March 2020 after Glenzinski became chief project officer. Third author of arXiv:1307.1168"
doug-glenzinski,Doug Glenzinski (Fermilab),person,p5-2014-mu2e,later project leader: Mu2e co-spokesperson 2014 to March 2020,https://news.fnal.gov/2020/10/robert-bernstein-still-relishes-challenge-in-second-stint-as-mu2e-co-spokesperson/,confident,"Fermilab news 2020-10-12: succeeded Bernstein in 2014, left in March 2020 to become Fermilab chief project officer; whether the 2014 handover was before or after the May 2014 P5 report is not stated. Co-author of arXiv:1307.1168"
ron-ray,Ron Ray (Fermilab),person,p5-2014-mu2e,Mu2e project manager (in role 2020; also named presenting Mu2e at a December 2014 project-management review),https://news.fnal.gov/2020/11/one-step-closer-mu2e-reaches-milestone-in-construction-of-novel-experiment/,confident,"Fermilab news 2020-11-11 quotes 'Ron Ray, Mu2e Project Manager'; the 2014-12 Fermilab item 'Strong project management finish to the year' naming him on Mu2e was seen only as a search snippet. R.E. Ray is an author of arXiv:1307.1168"
stefano-miscetti,Stefano Miscetti (INFN Frascati),person,p5-2014-mu2e,later project leader: Mu2e co-spokesperson (elected May 2023),https://news.fnal.gov/2023/05/stefano-miscetti-elected-as-mu2e-co-spokesperson/,confident,Fermilab news 2023-05-19: elected co-spokesperson alongside Robert Bernstein; co-author of arXiv:1307.1168
agency-doe,"U.S. Department of Energy, Office of Science (HEP)",agency,p5-2014-muon-g-2,"funder (MIE, host Fermilab)",https://www.energy.gov/sites/prod/files/2017/05/f34/FY2018BudgetVolume4_1.pdf,confident,bets.csv agency DOE+NSF; DOE MIE with CD-2/3 in August 2015 and TPC $46.4M per the FY2018 DOE budget (p5-2014-agency.csv)
agency-nsf,National Science Foundation,agency,p5-2014-muon-g-2,"funder (2013 MRI award for calorimeter, electronics and DAQ)",https://arxiv.org/pdf/1501.06858,confident,"bets.csv agency DOE+NSF; the TDR credits a 2013 NSF MRI for the calorimeter detectors, electronics and DAQ (p5-2014-agency.csv)"
lee-roberts,B. Lee Roberts (Boston University),person,p5-2014-muon-g-2,Muon g-2 collaboration co-spokesperson at the time of ranking (2013),https://news.fnal.gov/2013/05/revolutionary-muon-experiment-begin-3200-mile-move-50-foot-wide-particle-storage-ring/,confident,"Fermilab news 2013-05-08 contact list: 'B. Lee Roberts, Muon g-2 collaboration co-spokesperson, Boston University'; TDR arXiv:1501.06858 author"
david-hertzog,David Hertzog (University of Washington),person,p5-2014-muon-g-2,"Muon g-2 collaboration co-spokesperson at the time of ranking (2013), succeeded May 2018",https://news.fnal.gov/2013/05/revolutionary-muon-experiment-begin-3200-mile-move-50-foot-wide-particle-storage-ring/,confident,"Fermilab news 2013-05-08: 'David Hertzog, Muon g-2 collaboration co-spokesperson, University of Washington'; 2018-05-09 article: Lancaster succeeds former co-spokesperson Hertzog"
chris-polly,Chris Polly (Fermilab),person,p5-2014-muon-g-2,Muon g-2 project manager at the time of ranking (2013); later co-spokesperson (in role 2018),https://news.fnal.gov/2013/05/revolutionary-muon-experiment-begin-3200-mile-move-50-foot-wide-particle-storage-ring/,confident,"Fermilab news 2013-05-08: 'Chris Polly, Muon g-2 project manager, Fermilab'; 2018-05-09 article names him current co-spokesperson"
mark-lancaster,"Mark Lancaster (University College London, later Manchester)",person,p5-2014-muon-g-2,later project leader: Muon g-2 co-spokesperson (elected May 2018),https://news.fnal.gov/2018/05/mark-lancaster-elected-as-new-muon-g-2-co-spokesperson/,confident,"Fermilab news 2018-05-09: succeeds Hertzog, co-leads with Polly; led the UK's entry into the experiment five years earlier"
agency-doe,"U.S. Department of Energy, Office of Science (HEP)",agency,p5-2014-hl-lhc,funder (US accelerator and detector upgrade projects),https://www.energy.gov/documents/fy-2025-high-energy-physics-budget-request,confident,bets.csv agency DOE+NSF; DOE HL-LHC AUP plus ATLAS and CMS detector upgrade projects (p5-2014-agency.csv)
agency-doe,"U.S. Department of Energy, Office of Science (HEP)",agency,p5-2014-hl-lhc,"approved CD-3 (full production) for the HL-LHC Accelerator Upgrade Project, 2021-02",https://news.fnal.gov/2021/02/hl-lhc-accelerator-upgrade-project-receives-approval-to-move-full-speed-ahead-from-department-of-energy/,confident,Fermilab news 2021-02-10: DOE formally approved the start of execution (CD-3) for the US AUP; exact approval day not given
agency-nsf,National Science Foundation,agency,p5-2014-hl-lhc,funder (US detector upgrade share),https://www.usparticlephysics.org/wp-content/uploads/2018/03/FINAL_P5_Report_053014.pdf,confident,bets.csv agency DOE+NSF; P5 report p. 10 calls the LHC program a 'successful interagency partnership'; NSF MREFC awards for the ATLAS and CMS upgrades (from 2020) seen in snippets only
giorgio-apollinari,Giorgio Apollinari (Fermilab),person,p5-2014-hl-lhc,"later project leader: HL-LHC Accelerator Upgrade Project (US) project manager (2019, 2021)",https://news.fnal.gov/2019/02/large-hadron-collider-upgrade-project-leaps-forward/,confident,"Fermilab news 2019-02-27 and 2021-02-10: 'Giorgio Apollinari, Fermilab scientist and HL-LHC AUP project manager'; snippets call him project director. No allowed-host page names the US HL-LHC leads as of 2014 (LARP era)"
steve-nahn,Steve Nahn (Fermilab),person,p5-2014-hl-lhc,"later project leader: project manager, DOE-funded US CMS HL-LHC detector upgrade (2025)",https://news.fnal.gov/2025/01/us-built-carbon-support-tube-arrives-at-cern-for-the-cms-experiment-upgrade/,confident,"Fermilab news 2025-01-15 names Nahn project manager of the DOE-funded portion of the CMS HL-LHC upgrade, Vaia Papadimitriou deputy. US ATLAS HL-LHC lead not found on an allowed host"
agency-doe,"U.S. Department of Energy, Office of Science (HEP)",agency,p5-2014-lhc-phase-1,"funder (US CMS Phase-1 upgrade, CD-4 2019)",https://news.fnal.gov/2019/08/uscms-completes-phase-1-upgrade-program-for-cms-detector-at-cern/,confident,"bets.csv agency DOE+NSF; Fermilab news 2019-08-26: USCMS delivered $40M of Phase-1 upgrades with DOE and NSF support, CD-4 approved"
agency-nsf,National Science Foundation,agency,p5-2014-lhc-phase-1,funder (US CMS Phase-1 upgrade),https://news.fnal.gov/2019/08/uscms-completes-phase-1-upgrade-program-for-cms-detector-at-cern/,confident,Same Fermilab article credits NSF alongside DOE; the US ATLAS Phase-1 share is not covered by any page read
steve-nahn,Steve Nahn (Fermilab),person,p5-2014-lhc-phase-1,"US project manager for the CMS Phase-1 detector upgrade (at CD-4, 2019)",https://news.fnal.gov/2019/08/uscms-completes-phase-1-upgrade-program-for-cms-detector-at-cern/,confident,"Fermilab news 2019-08-26: 'Steve Nahn, Fermilab scientist and U.S. project manager for the CMS detector upgrade'; whether he held the role in 2014 is not stated. No US ATLAS Phase-1 lead found on an allowed host"
agency-doe,"U.S. Department of Energy, Office of Science (HEP)",agency,p5-2014-pip-ii,"funder (host, Fermilab; line-item construction with in-kind partners)",https://www.energy.gov/documents/fy-2025-high-energy-physics-budget-request,confident,"bets.csv agency DOE; DOE HEP line-item project with contributions from India, Italy, UK, France and Poland (p5-2014-agency.csv)"
agency-doe,"U.S. Department of Energy, Office of Science (HEP)",agency,p5-2014-pip-ii,"approved CD-3 (construction start), 2022-04",https://news.fnal.gov/2022/04/new-accelerator-at-fermilab-approved-for-construction-start/,confident,"Fermilab news 2022-04-20: DOE formally approved Critical Decision 3 for PIP-II; quotes Harriet Kung, DOE acting HEP director"
steve-holmes,Stephen (Steve) Holmes (Fermilab),person,p5-2014-pip-ii,PIP-II project manager / project director from the project's start through March 2018 (in role 2015),https://news.fnal.gov/2015/11/pip-ii-renewing-fermilabs-accelerator-complex/,confident,"Fermilab news 2015-11-17: 'Steve Holmes, PIP-II project manager' (deputy Paul Derwent); 2018-03-12 article: Merminga 'succeeds Fermilab physicist Stephen Holmes' as project director. 2014 title not stated on a page read"
lia-merminga,"Lia Merminga (Fermilab, formerly TRIUMF and SLAC)",person,p5-2014-pip-ii,"later project leader: PIP-II project director, 2018-03-01 to April 2022, then Fermilab director",https://news.fnal.gov/2018/03/lia-merminga-to-lead-fermilabs-next-accelerator-project/,confident,"Fermilab news 2018-03-12; 2023-10-30 article: held the directorship four years before becoming Fermilab director in April 2022. Merminga was a P5 2014 panel member (Appendix B, as TRIUMF), so she sits on both sides of this bet"
pantaleo-raimondi,"Pantaleo Raimondi (Fermilab, formerly SLAC)",person,p5-2014-pip-ii,later project leader: PIP-II project director from 2023-12-04,https://news.fnal.gov/2023/10/pantaleo-raimondi-to-be-new-leader-of-fermilabs-accelerator-project/,confident,Fermilab news 2023-10-30; Rich Stanek was interim project director April 2022 to December 2023
cristian-boffo,Cristian Boffo (Fermilab),person,p5-2014-pip-ii,later project leader: PIP-II project director (in role July 2026),https://news.fnal.gov/2026/07/fermilab-installs-first-beamline-component-for-new-state-of-the-art-accelerator/,confident,"Fermilab news 2026-07-09 quotes 'Cristian Boffo, PIP-II Project Director'; handover date from Raimondi not found"
agency-nsf,National Science Foundation,agency,p5-2014-lsst,"funder (lead, MREFC observatory construction)",https://www.energy.gov/sites/prod/files/2017/05/f34/FY2018BudgetVolume4_1.pdf,confident,"bets.csv agency DOE+NSF; NSF led observatory construction and DOE built the camera as an MIE (p5-2014-agency.csv, FY2018 DOE budget)"
agency-doe,"U.S. Department of Energy, Office of Science (HEP)",agency,p5-2014-lsst,"funder (LSST camera MIE, TPC $168M)",https://www.energy.gov/sites/prod/files/2017/05/f34/FY2018BudgetVolume4_1.pdf,confident,bets.csv agency DOE+NSF; FY2018 DOE budget Volume 4 gives the LSSTcam TPC (p5-2014-agency.csv)
bhuvnesh-jain,Bhuvnesh Jain (University of Pennsylvania),person,p5-2014-lsst,"co-spokesperson, LSST Dark Energy Science Collaboration (DESC white paper, 2012; the DOE-side science case)",https://arxiv.org/abs/1211.0310,confident,"arXiv:1211.0310 (submitted 2012-11-01 by Jain) section 2.2 governance chart: 'Co-spokespersons: Bhuvnesh Jain, Steve Kahn'; deputy spokesperson Gregory Dubois-Felsmann"
steven-kahn,Steven M. Kahn (SLAC / Stanford),person,p5-2014-lsst,"co-spokesperson, LSST Dark Energy Science Collaboration (2012); LSST Director from 2013 (see astro2010-lsst rows)",https://arxiv.org/abs/1211.0310,confident,"arXiv:1211.0310 section 2.2: 'Co-spokespersons: Bhuvnesh Jain, Steve Kahn'; Kahn is lead author of the 2010 SPIE LSST camera design paper (SPIE 7735, 77350J, seen in a snippet only)"
tony-tyson,"J. Anthony (Tony) Tyson (University of California, Davis)",person,p5-2014-lsst,"LSST Project Chief Scientist (2012), ex officio on the DESC executive board",https://arxiv.org/abs/1211.0310,confident,arXiv:1211.0310 section 2.2 chart: 'LSST Project Chief Scientist: Tony Tyson'; same person as the astro2010-lsst director rows
aaron-roodman,Aaron Roodman (SLAC),person,p5-2014-lsst,later project leader: Director of the LSST Camera and Deputy Director of Rubin Construction (2025),https://www.energy.gov/science/articles/nsf-doe-vera-c-rubin-observatory-installs-lsst-camera-telescope,confident,DOE Office of Science article 2025-03-12 quotes Roodman with that title; the DOE camera lead as of 2014 (Kahn / Nadine Kurita per the 2010 SPIE paper) was not confirmed on a readable page
travis-lange,Travis Lange (SLAC),person,p5-2014-lsst,later project leader: LSST Camera project manager (2025),https://www.energy.gov/science/articles/nsf-doe-vera-c-rubin-observatory-installs-lsst-camera-telescope,confident,"DOE Office of Science article 2025-03-12: 'Travis Lange, LSST Camera Project Manager (SLAC)'"
agency-doe,"U.S. Department of Energy, Office of Science (HEP)",agency,p5-2014-dm-g2,funder (LZ and ADMX-G2 projects; SuperCDMS SNOLAB jointly with NSF),https://news.fnal.gov/2018/05/construction-begins-on-one-of-the-worlds-most-sensitive-dark-matter-experiments/,confident,bets.csv agency DOE+NSF; Fermilab news 2018-05-07: DOE and NSF approved funding and construction start for SuperCDMS SNOLAB; LZ and ADMX-G2 are DOE projects (p5-2014-agency.csv)
agency-nsf,National Science Foundation,agency,p5-2014-dm-g2,funder (joint G2 program; SuperCDMS SNOLAB),https://news.fnal.gov/2018/05/construction-begins-on-one-of-the-worlds-most-sensitive-dark-matter-experiments/,confident,Same article; P5 Recommendation 19 refers to the 2012 joint agency announcement of opportunity
agency-doe,"U.S. Department of Energy, Office of Science (HEP)",agency,p5-2014-dm-g2,"selected LZ, SuperCDMS SNOLAB and ADMX-G2 as the second-generation program, 2014",https://www.energy.gov/sites/prod/files/2015/02/f19/FY2016BudgetVolume4_5.pdf,confident,"FY2016 DOE budget request, Science Vol. 4 (HEP, local text line 6154): 'Three second generation experiments were selected in 2014 to directly detect dark matter, including the small-scale ... ADMX-G2 ... The LZ and SuperCDMS-SNOLab projects were selected and are expected to be baselined in FY 2016'; joint with NSF per snippets (July 2014)"
agency-nsf,National Science Foundation,agency,p5-2014-dm-g2,"selected LZ, SuperCDMS SNOLAB and ADMX-G2 as the second-generation program, 2014",https://www.energy.gov/sites/prod/files/2015/02/f19/FY2016BudgetVolume4_5.pdf,guess,"The DOE budget text records the 2014 selection; that NSF co-selected (joint July 2014 announcement) rests on search snippets (arXiv:1501.01200 Dark Matter 2014 review), page not opened"
gil-gilchriese,Murdock (Gil) Gilchriese (Lawrence Berkeley National Laboratory),person,p5-2014-dm-g2,LZ project director (in role 2017 and 2022; LZ CDR author 2015),https://news.fnal.gov/2017/02/next-gen-dark-matter-detector-race-finish-line/,confident,"Fermilab news 2017-02-13: 'LZ Project Director'; 2022-07-07 article: led design, manufacturing and installation. M.G.D. Gilchriese is in the LZ CDR author list (arXiv:1509.02910, March 2015)"
carter-hall,Carter Hall (University of Maryland),person,p5-2014-dm-g2,LZ collaboration spokesperson (2017),https://news.fnal.gov/2017/02/next-gen-dark-matter-detector-race-finish-line/,confident,"Fermilab news 2017-02-13: 'LZ Collaboration Spokesperson'. The LZ spokesperson at the time of ranking (Harry Nelson, UCSB, per general knowledge) is not named on any page read; H.N. Nelson is in the CDR author list only"
kevin-lesko,Kevin Lesko (Lawrence Berkeley National Laboratory),person,p5-2014-dm-g2,past LZ spokesperson (title as given in 2022),https://news.fnal.gov/2022/07/berkeley-lab-researchers-record-successful-startup-of-lux-zeplin-dark-matter-detector-at-sanford-underground-research-facility/,guess,Fermilab-reposted Berkeley Lab release 2022-07-07 calls Lesko 'past LZ Spokesperson' without dates; whether his term covered 2014 is not stated
hugh-lippincott,"Hugh Lippincott (Fermilab, later UC Santa Barbara)",person,p5-2014-dm-g2,later project leader: LZ spokesperson (2022); LZ physics coordinator in 2017,https://news.fnal.gov/2022/07/berkeley-lab-researchers-record-successful-startup-of-lux-zeplin-dark-matter-detector-at-sanford-underground-research-facility/,confident,"Fermilab news 2022-07-07: 'LZ Spokesperson, UC Santa Barbara'; 2017-02-13 article: Wilson Fellow at Fermilab and LZ physics coordinator; W.H. Lippincott in the CDR author list"
dan-bauer,Dan Bauer (Fermilab),person,p5-2014-dm-g2,"SuperCDMS collaboration spokesperson (at construction start, 2018)",https://news.fnal.gov/2018/05/construction-begins-on-one-of-the-worlds-most-sensitive-dark-matter-experiments/,confident,"Fermilab news 2018-05-07: 'Dan Bauer, SuperCDMS collaboration spokesperson'; D.A. Bauer in the arXiv:1610.00006 author list. The 2014 spokesperson (Blas Cabrera per general knowledge) is in that author list but untitled"
gray-rybka,Gray Rybka (University of Washington),person,p5-2014-dm-g2,ADMX co-spokesperson (2018),https://news.fnal.gov/2018/04/admx-announces-breakthrough-in-axion-dark-matter-detection-technology/,confident,"Fermilab news 2018-04-09: 'Gray Rybka, ADMX co-spokesperson, University of Washington'; co-spokesperson Gianpaolo Carosi (LLNL) named in the same article"
leslie-rosenberg,Leslie Rosenberg (University of Washington),person,p5-2014-dm-g2,ADMX chief scientist (2018); ADMX-G2 lead at the time of ranking per general knowledge,https://news.fnal.gov/2018/04/admx-announces-breakthrough-in-axion-dark-matter-detection-technology/,guess,Fermilab news 2018-04-09: 'University of Washington chief scientist for ADMX'; the 2014 principal-investigator title appears nowhere on a page read
agency-nsf,National Science Foundation,agency,p5-2014-pingu,funder (IceCube host agency; PINGU itself never funded),https://arxiv.org/abs/2509.13066,confident,"bets.csv agency NSF; PINGU was not funded, and the smaller IceCube Upgrade was NSF-led with foreign partners (p5-2014-agency.csv)"
agency-nsf,National Science Foundation,agency,p5-2014-pingu,funded the seven-string IceCube Upgrade in place of the 40-string PINGU (award 2018 per snippets; deployed 2025-26),https://arxiv.org/abs/2509.13066,guess,"arXiv:2509.13066 describes the seven-string Upgrade as pursuing PINGU's oscillation goals; the NSF award date (2018) and share (about 70 percent) are from search snippets, hosts unreachable"
doug-cowen,Douglas F. Cowen (Pennsylvania State University),person,p5-2014-pingu,"corresponding author, PINGU Letter of Intent (2014)",https://arxiv.org/abs/1401.2046,confident,"arXiv:1401.2046v1 (2014-01-09) front matter: 'Corresponding authors ... cowen@phys.psu.edu (D. F. Cowen), deyoung@phys.psu.edu (T. DeYoung)'; v2 (2017) is re-issued under the IceCube-Gen2 collaboration"
tyce-deyoung,"Tyce DeYoung (Pennsylvania State University, later Michigan State)",person,p5-2014-pingu,"corresponding author, PINGU Letter of Intent (2014)",https://arxiv.org/abs/1401.2046,confident,"arXiv:1401.2046v1 front matter lists DeYoung as corresponding author with Cowen. P5 member Francis Halzen (IceCube PI per general knowledge) is in the LoI author list, a cross-link not sourced here"
agency-doe,"U.S. Department of Energy, Office of Science (HEP)",agency,p5-2014-mice,funder (US share via the Muon Accelerator Program; STFC lead),https://arxiv.org/abs/1907.08562,confident,"bets.csv agency DOE+NSF; Fermilab news 2020-02-05 credits STFC, Fermilab, DOE Office of Science and NSF"
agency-nsf,National Science Foundation,agency,p5-2014-mice,funder (US university groups),https://news.fnal.gov/2020/02/mice-experiment-demonstrates-key-technique-for-future-muon-colliders/,guess,Fermilab news 2020-02-05 lists NSF among supporters; p5-2014-agency.csv notes the NSF share may be university grants only
agency-doe,"U.S. Department of Energy, Office of Science (HEP)",agency,p5-2014-mice,"ramped down the Muon Accelerator Program as recommended by P5, last funding FY2017 (decision in the FY2016 request, 2015-02)",https://www.energy.gov/sites/prod/files/2015/02/f19/FY2016BudgetVolume4_5.pdf,confident,"FY2016 DOE budget Science Vol. 4 (local lines 6310, 6964): 'funding for the Muon Accelerator Program is reduced further with the last year of funding in FY 2017' and 'MAP effort will be ramping down as recommended by P5 according to a detailed ramp-down plan which will be developed in FY 2015'; FY2017 request (line 7927) repeats FY2017 as the last year"
daniel-kaplan,Daniel M. Kaplan (Illinois Institute of Technology),person,p5-2014-mice,"author, 'Progress Towards Completion of the MICE Demonstration of Muon Ionization Cooling' for the MICE collaboration (NuFact 2013)",https://arxiv.org/abs/1312.1626,confident,"arXiv:1312.1626 (2013-12-05): sole listed author 'Daniel M. Kaplan ... (for the MICE Collaboration)'; a status paper, not a leadership statement"
ken-long,Ken Long (Imperial College London),person,p5-2014-mice,"MICE collaboration leader (spokesperson), as credited at the 2020 cooling result",https://news.fnal.gov/2020/02/mice-experiment-demonstrates-key-technique-for-future-muon-colliders/,confident,"Fermilab news 2020-02-05: 'The MICE collaboration, led by Professor Ken Long of Imperial College London'; the article does not say when his term began, so 2014 tenure is inferred"
mark-palmer,Mark A. Palmer (Fermilab),person,p5-2014-mice,author of 'The US muon accelerator program' for the MAP collaboration (2015); MAP director per general knowledge,https://arxiv.org/abs/1502.03454,guess,"arXiv:1502.03454 (2015-02-11), M.A. Palmer, Fermilab, 'for the MAP Collaboration', describes MAP's P5-driven ramp-down; the director title is not stated on any page read"
agency-doe,"U.S. Department of Energy, Office of Science (HEP)",agency,p5-2014-chips,"funder (US side, via Fermilab; UK and ERC funds for the rest)",https://arxiv.org/html/2401.11728v1,confident,bets.csv agency DOE; CHIPS acknowledgements name Fermilab and DOE as US funders (p5-2014-agency.csv). No agency action on CHIPS after P5's N/N/N is recorded on any page read
karol-lang,Karol Lang (University of Texas at Austin),person,p5-2014-chips,"author, 'Prospects for CHIPS' (December 2014 conference overview); CHIPS LoI co-author (2013)",https://arxiv.org/abs/1504.08330,confident,"arXiv:1504.08330 (2015-04-30), sole author Karol Lang, proceedings of Prospects in Neutrino Physics, December 2014; K. Lang (Texas) in the LoI arXiv:1307.5918 author list"
jenny-thomas,Jennifer (Jenny) Thomas (University College London),person,p5-2014-chips,CHIPS LoI co-author (2013); CHIPS spokesperson per general knowledge,https://arxiv.org/abs/1307.5918,guess,"arXiv:1307.5918 (LoI to FNAL, 2013-07, v3 2013-09-23) lists J. Thomas (UCL) among 40 authors with no roles; the 2024 design paper arXiv:2401.11728 has S. Bash (UCL) as corresponding author. No page read names a CHIPS spokesperson"
agency-doe,"U.S. Department of Energy, Office of Science (HEP)",agency,p5-2014-lar1,"funder (host, Fermilab)",https://news.fnal.gov/2021/09/scientists-assemble-final-detector-of-fermilabs-short-baseline-neutrino-program/,confident,"bets.csv agency DOE; LAr1-ND became SBND, supported by the DOE Office of Science (p5-2014-agency.csv)"
agency-doe,"U.S. Department of Energy, Office of Science (HEP)",agency,p5-2014-lar1,"did not fund LAr1 as proposed; funded the smaller SBN program (SBND plus ICARUS) instead, from the FY2016 request (2015-02)",https://www.energy.gov/sites/prod/files/2015/02/f19/FY2016BudgetVolume4_5.pdf,confident,"FY2016 DOE budget Science Vol. 4 (local line 6300): support for 'a new short baseline neutrino program at Fermilab, as recommended in the HEPAP strategic plan'; FY2017 request (line 7046) names SBND and ICARUS as the program's detectors, matching P5's call for 'an appropriate combination of smaller near-term projects'"
bonnie-fleming,Bonnie Fleming (Yale University),person,p5-2014-lar1,"contact person, LAr1-ND proposal (2013); also a P5 2014 panel member",https://arxiv.org/abs/1309.7987,confident,"arXiv:1309.7987 (v3 2013-11-05) marks B. Fleming (Yale), O. Palamara (Yale) and D.W. Schmitz (Chicago) as 'Contact persons'. Fleming sat on the P5 panel that declined LAr1 (Appendix B), a conflict worth flagging in the graph"
ornella-palamara,"Ornella Palamara (Yale, later Fermilab)",person,p5-2014-lar1,"contact person, LAr1-ND proposal (2013)",https://arxiv.org/abs/1309.7987,confident,arXiv:1309.7987 author list: 'O. Palamara*' with the footnote 'Contact persons'
david-schmitz,David W. Schmitz (University of Chicago),person,p5-2014-lar1,"contact person, LAr1-ND proposal (2013)",https://arxiv.org/abs/1309.7987,confident,arXiv:1309.7987 author list: 'D.W. Schmitz*' with the footnote 'Contact persons'
agency-doe,"U.S. Department of Energy, Office of Science (HEP)",agency,p5-2014-sbn,"funder (host, Fermilab; ICARUS detector from INFN)",https://news.fnal.gov/2018/06/united-states-and-italy-sign-agreement-to-collaborate-on-sterile-neutrino-research/,confident,"bets.csv agency DOE; FY2017 DOE budget (local line 7046) describes the SBN program with MicroBooNE, SBND and ICARUS at Fermilab"
carlo-rubbia,Carlo Rubbia (CERN / INFN / GSSI),person,p5-2014-sbn,"ICARUS spokesperson (SBN proposal, 2015; still in role 2026)",https://arxiv.org/abs/1503.01520,confident,"arXiv:1503.01520 (2015-03-05) author list marks 'C. Rubbia*' with footnote '*Spokespeople'; Fermilab news 2026-04-15 quotes 'Carlo Rubbia, ICARUS spokesperson'"
bonnie-fleming,Bonnie Fleming (Yale University),person,p5-2014-sbn,MicroBooNE co-spokesperson (SBN proposal 2015; Fermilab news 2015); also a P5 2014 panel member,https://arxiv.org/abs/1503.01520,confident,arXiv:1503.01520 marks 'B.T. Fleming*' (Spokespeople); Fermilab news 2015-08-10 and 2015-10-30: 'MicroBooNE co-spokesperson'. On the P5 panel that recommended the SBN portfolio (Appendix B)
sam-zeller,G.P. (Sam) Zeller (Fermilab),person,p5-2014-sbn,MicroBooNE co-spokesperson (SBN proposal 2015; Fermilab news 2015),https://news.fnal.gov/2015/10/microboone-sees-first-accelerator-born-neutrinos-2/,confident,"arXiv:1503.01520 marks 'G.P. Zeller*' (Spokespeople); Fermilab news 2015-10-30: 'Sam Zeller, Fermilab physicist, MicroBooNE co-spokesperson'"
ornella-palamara,Ornella Palamara (Fermilab),person,p5-2014-sbn,LAr1-ND / SBND co-spokesperson (SBN proposal 2015; in role 2024; succeeded by Szelc 2025),https://news.fnal.gov/2024/09/first-neutrinos-detected-at-fermilab-short-baseline-detector/,confident,arXiv:1503.01520 marks 'O. Palamara*' (Spokespeople); Fermilab news 2024-09-10: 'Fermilab scientist and SBND Co-spokesperson'; 2025-09 article (snippet) says Szelc succeeded her
david-schmitz,David W. Schmitz (University of Chicago),person,p5-2014-sbn,LAr1-ND / SBND co-spokesperson (SBN proposal 2015; Fermilab news 2015 and 2024),https://news.fnal.gov/2015/08/the-short-baseline-detectives-and-the-mysterious-case-of-the-sterile-neutrino/,confident,arXiv:1503.01520 marks 'D.W. Schmitz*' (Spokespeople); Fermilab news 2015-08-10 and 2024-09-10: 'SBND co-spokesperson'
peter-wilson,Peter Wilson (Fermilab),person,p5-2014-sbn,SBN program coordinator (2015),https://news.fnal.gov/2015/08/the-short-baseline-detectives-and-the-mysterious-case-of-the-sterile-neutrino/,confident,"Fermilab news 2015-08-10 quotes 'Peter Wilson, SBN program coordinator'"
