actor_id,name,type,bet_id,role_at_bet,source_url,confidence,rationale
committee-astro2010,"Astro2010 Committee for a Decadal Survey of Astronomy and Astrophysics (New Worlds, New Horizons)",committee,astro2010-explorer,ranking committee,https://nap.nationalacademies.org/read/12951/chapter/1,confident,"Committee membership printed in the front matter of New Worlds, New Horizons (NAP 12951); nap URL 301-redirects to www.nationalacademies.org/read/12951/chapter/1, which is what was read"
roger-blandford,Roger D. Blandford (Stanford University),person,astro2010-explorer,Astro2010 survey committee chair,https://nap.nationalacademies.org/read/12951/chapter/1,confident,"Front matter lists 'Roger D. Blandford, Stanford University, Chair'; vice chairs Martha P. Haynes (Cornell), John P. Huchra (Harvard), Marcia J. Rieke (Arizona)"
alan-dressler,Alan Dressler (Observatories of the Carnegie Institution of Washington),person,astro2010-explorer,"chair, Astro2010 Panel on Electromagnetic Observations from Space",https://nap.nationalacademies.org/read/12951/chapter/1,confident,"Front matter names Dressler as EOS panel chair; the EOS panel ranked the space large and medium activities (Explorer augmentation, New Worlds and Inflation Probe technology programs)"
committee-astro2010,"Astro2010 Committee for a Decadal Survey of Astronomy and Astrophysics (New Worlds, New Horizons)",committee,astro2010-lisa,ranking committee,https://nap.nationalacademies.org/read/12951/chapter/1,confident,"Committee membership printed in the front matter of New Worlds, New Horizons (NAP 12951); nap URL 301-redirects to www.nationalacademies.org/read/12951/chapter/1, which is what was read"
roger-blandford,Roger D. Blandford (Stanford University),person,astro2010-lisa,Astro2010 survey committee chair,https://nap.nationalacademies.org/read/12951/chapter/1,confident,"Front matter lists 'Roger D. Blandford, Stanford University, Chair'; vice chairs Martha P. Haynes (Cornell), John P. Huchra (Harvard), Marcia J. Rieke (Arizona)"
jacqueline-hewitt,Jacqueline N. Hewitt (Massachusetts Institute of Technology),person,astro2010-lisa,"chair, Astro2010 Panel on Particle Astrophysics and Gravitation",https://nap.nationalacademies.org/read/12951/chapter/1,confident,Front matter names Hewitt as PAG panel chair; LISA and ACTA (AGIS) inputs went to this panel (the LISA white paper arXiv:0903.0103 lists the PAG panel among its targets only implicitly; the brief assigns LISA and ACTA to PAG)
committee-astro2010,"Astro2010 Committee for a Decadal Survey of Astronomy and Astrophysics (New Worlds, New Horizons)",committee,astro2010-new-worlds-tech,ranking committee,https://nap.nationalacademies.org/read/12951/chapter/1,confident,"Committee membership printed in the front matter of New Worlds, New Horizons (NAP 12951); nap URL 301-redirects to www.nationalacademies.org/read/12951/chapter/1, which is what was read"
roger-blandford,Roger D. Blandford (Stanford University),person,astro2010-new-worlds-tech,Astro2010 survey committee chair,https://nap.nationalacademies.org/read/12951/chapter/1,confident,"Front matter lists 'Roger D. Blandford, Stanford University, Chair'; vice chairs Martha P. Haynes (Cornell), John P. Huchra (Harvard), Marcia J. Rieke (Arizona)"
alan-dressler,Alan Dressler (Observatories of the Carnegie Institution of Washington),person,astro2010-new-worlds-tech,"chair, Astro2010 Panel on Electromagnetic Observations from Space",https://nap.nationalacademies.org/read/12951/chapter/1,confident,"Front matter names Dressler as EOS panel chair; the EOS panel ranked the space large and medium activities (Explorer augmentation, New Worlds and Inflation Probe technology programs)"
committee-astro2010,"Astro2010 Committee for a Decadal Survey of Astronomy and Astrophysics (New Worlds, New Horizons)",committee,astro2010-inflation-probe-tech,ranking committee,https://nap.nationalacademies.org/read/12951/chapter/1,confident,"Committee membership printed in the front matter of New Worlds, New Horizons (NAP 12951); nap URL 301-redirects to www.nationalacademies.org/read/12951/chapter/1, which is what was read"
roger-blandford,Roger D. Blandford (Stanford University),person,astro2010-inflation-probe-tech,Astro2010 survey committee chair,https://nap.nationalacademies.org/read/12951/chapter/1,confident,"Front matter lists 'Roger D. Blandford, Stanford University, Chair'; vice chairs Martha P. Haynes (Cornell), John P. Huchra (Harvard), Marcia J. Rieke (Arizona)"
alan-dressler,Alan Dressler (Observatories of the Carnegie Institution of Washington),person,astro2010-inflation-probe-tech,"chair, Astro2010 Panel on Electromagnetic Observations from Space",https://nap.nationalacademies.org/read/12951/chapter/1,confident,"Front matter names Dressler as EOS panel chair; the EOS panel ranked the space large and medium activities (Explorer augmentation, New Worlds and Inflation Probe technology programs)"
committee-astro2010,"Astro2010 Committee for a Decadal Survey of Astronomy and Astrophysics (New Worlds, New Horizons)",committee,astro2010-msip,ranking committee,https://nap.nationalacademies.org/read/12951/chapter/1,confident,"Committee membership printed in the front matter of New Worlds, New Horizons (NAP 12951); nap URL 301-redirects to www.nationalacademies.org/read/12951/chapter/1, which is what was read"
roger-blandford,Roger D. Blandford (Stanford University),person,astro2010-msip,Astro2010 survey committee chair,https://nap.nationalacademies.org/read/12951/chapter/1,confident,"Front matter lists 'Roger D. Blandford, Stanford University, Chair'; vice chairs Martha P. Haynes (Cornell), John P. Huchra (Harvard), Marcia J. Rieke (Arizona)"
patrick-osmer,Patrick S. Osmer (Ohio State University),person,astro2010-msip,"chair, Astro2010 Panel on Optical and Infrared Astronomy from the Ground",https://nap.nationalacademies.org/read/12951/chapter/1,confident,"Front matter names Osmer as OIR ground panel chair (vice chair Michael Skrutskie, Virginia); GSMT and the mid-scale program were OIR ground panel inputs"
committee-astro2010,"Astro2010 Committee for a Decadal Survey of Astronomy and Astrophysics (New Worlds, New Horizons)",committee,astro2010-gsmt,ranking committee,https://nap.nationalacademies.org/read/12951/chapter/1,confident,"Committee membership printed in the front matter of New Worlds, New Horizons (NAP 12951); nap URL 301-redirects to www.nationalacademies.org/read/12951/chapter/1, which is what was read"
roger-blandford,Roger D. Blandford (Stanford University),person,astro2010-gsmt,Astro2010 survey committee chair,https://nap.nationalacademies.org/read/12951/chapter/1,confident,"Front matter lists 'Roger D. Blandford, Stanford University, Chair'; vice chairs Martha P. Haynes (Cornell), John P. Huchra (Harvard), Marcia J. Rieke (Arizona)"
patrick-osmer,Patrick S. Osmer (Ohio State University),person,astro2010-gsmt,"chair, Astro2010 Panel on Optical and Infrared Astronomy from the Ground",https://nap.nationalacademies.org/read/12951/chapter/1,confident,"Front matter names Osmer as OIR ground panel chair (vice chair Michael Skrutskie, Virginia); GSMT and the mid-scale program were OIR ground panel inputs"
committee-astro2010,"Astro2010 Committee for a Decadal Survey of Astronomy and Astrophysics (New Worlds, New Horizons)",committee,astro2010-acta,ranking committee,https://nap.nationalacademies.org/read/12951/chapter/1,confident,"Committee membership printed in the front matter of New Worlds, New Horizons (NAP 12951); nap URL 301-redirects to www.nationalacademies.org/read/12951/chapter/1, which is what was read"
roger-blandford,Roger D. Blandford (Stanford University),person,astro2010-acta,Astro2010 survey committee chair,https://nap.nationalacademies.org/read/12951/chapter/1,confident,"Front matter lists 'Roger D. Blandford, Stanford University, Chair'; vice chairs Martha P. Haynes (Cornell), John P. Huchra (Harvard), Marcia J. Rieke (Arizona)"
jacqueline-hewitt,Jacqueline N. Hewitt (Massachusetts Institute of Technology),person,astro2010-acta,"chair, Astro2010 Panel on Particle Astrophysics and Gravitation",https://nap.nationalacademies.org/read/12951/chapter/1,confident,Front matter names Hewitt as PAG panel chair; LISA and ACTA (AGIS) inputs went to this panel (the LISA white paper arXiv:0903.0103 lists the PAG panel among its targets only implicitly; the brief assigns LISA and ACTA to PAG)
committee-astro2010,"Astro2010 Committee for a Decadal Survey of Astronomy and Astrophysics (New Worlds, New Horizons)",committee,astro2010-ccat,ranking committee,https://nap.nationalacademies.org/read/12951/chapter/1,confident,"Committee membership printed in the front matter of New Worlds, New Horizons (NAP 12951); nap URL 301-redirects to www.nationalacademies.org/read/12951/chapter/1, which is what was read"
roger-blandford,Roger D. Blandford (Stanford University),person,astro2010-ccat,Astro2010 survey committee chair,https://nap.nationalacademies.org/read/12951/chapter/1,confident,"Front matter lists 'Roger D. Blandford, Stanford University, Chair'; vice chairs Martha P. Haynes (Cornell), John P. Huchra (Harvard), Marcia J. Rieke (Arizona)"
neal-evans,Neal J. Evans (University of Texas),person,astro2010-ccat,"chair, Astro2010 Panel on Radio, Millimeter, and Submillimeter Astronomy from the Ground",https://nap.nationalacademies.org/read/12951/chapter/1,confident,"Front matter names Evans as RMS panel chair (vice chair James M. Moran, Harvard); CCAT was the panel's top submillimeter facility"
agency-nasa,National Aeronautics and Space Administration,agency,astro2010-explorer,funder (sole),https://nap.nationalacademies.org/read/12951,confident,"New Worlds, New Horizons Table ES.5: Explorer augmentation, total and U.S. share both $463M, NASA program; bets.csv agency NASA"
agency-nasa,National Aeronautics and Space Administration,agency,astro2010-explorer,"delayed the augmentation: first astrophysics Explorer AO of the decade released September 2014, plan of at least four AOs for 2012-2021",https://www.nationalacademies.org/read/23560/chapter/6,confident,"Midterm chapter 4: NASA SMD separated heliophysics and astrophysics Explorer budgets; 'In September 2014, NASA-APD released the first AO for astrophysics Explorers in this decade (an earlier AO did not proceed to selection)'; Recommendation 4-3 endorses NASA's plan of at least four AOs"
martin-elvis,Martin Elvis (Smithsonian Astrophysical Observatory),person,astro2010-explorer,"lead author, 'A Vigorous Explorer Program', Activities/Program white paper to Astro2010 (November 2009)",https://arxiv.org/abs/0911.3383,confident,"arXiv:0911.3383 front page: 'Author: Martin Elvis, Smithsonian Astrophysical Observatory (SAO)' with 49 co-authors; comments say it is an Activities/Program White Paper submitted to the Astro2010 decadal review"
neil-gehrels,Neil Gehrels (NASA Goddard Space Flight Center),person,astro2010-explorer,"co-author, 'A Vigorous Explorer Program' (2009)",https://arxiv.org/abs/0911.3383,confident,Listed among the co-authors on the arXiv:0911.3383 front page (NASA/GSFC); Gehrels is also the JDEM-Omega author in the WFIRST rows
john-mather,John Mather (NASA Goddard Space Flight Center),person,astro2010-explorer,"co-author, 'A Vigorous Explorer Program' (2009)",https://arxiv.org/abs/0911.3383,confident,Listed among the co-authors on the arXiv:0911.3383 front page (NASA/GSFC); the paper cites his COBE Explorer Nobel prize as part of the case
martin-weisskopf,Martin Weisskopf (NASA Marshall Space Flight Center),person,astro2010-explorer,"co-author, 'A Vigorous Explorer Program' (2009)",https://arxiv.org/abs/0911.3383,confident,Listed among the co-authors on the arXiv:0911.3383 front page (NASA/MSFC); his later IXPE SMEX PI role is not verified on an allowed host and is not recorded here
george-ricker,George Ricker (Massachusetts Institute of Technology),person,astro2010-explorer,"co-author, 'A Vigorous Explorer Program' (2009)",https://arxiv.org/abs/0911.3383,confident,Listed among the co-authors on the arXiv:0911.3383 front page (MIT); his TESS Explorer PI role is not verified on an allowed host and is not recorded here
agency-nasa,National Aeronautics and Space Administration,agency,astro2010-lisa,funder (assumed 50 percent partner with ESA at ranking),https://nap.nationalacademies.org/read/12951,confident,"New Worlds, New Horizons Table ES.5: LISA total $2.4B, U.S. share $1.5B assuming a 50 percent NASA/ESA partnership and a successful LISA Pathfinder; bets.csv agency NASA"
agency-nasa,National Aeronautics and Space Administration,agency,astro2010-lisa,"dissolved the co-equal ESA/NASA LISA partnership, 2011",https://www.nationalacademies.org/read/23560/chapter/6,confident,"Midterm chapter 4: 'Because of the JWST schedule delay and cost increase, and LISA's ranking behind WFIRST in NWNH ... in 2011 the ESA/NASA co-equal partnership was dissolved'; U.S. LISA groups fell from about $3M/yr (FY2010-FY2011) to about $0.3M/yr competed funding"
agency-nasa,National Aeronautics and Space Administration,agency,astro2010-lisa,later: authorized to plan a 10 percent ($150M) stake in ESA's L3 eLISA (2016),https://www.nationalacademies.org/read/23560/chapter/6,confident,"Midterm chapter 4: NASA 'currently authorized to plan for U.S. participation in an eLISA mission at the reduced cost of $150 million, which equates to a 10 percent stake'; ESA selected the Gravitational Universe theme for L3 with launch in the 2030s"
agency-nasa,National Aeronautics and Space Administration,agency,astro2010-lisa,"later: junior partner in ESA-adopted LISA (adoption January 2024, launch mid-2035)",https://arxiv.org/abs/2601.15365,confident,"arXiv:2601.15365 abstract: LISA 'due to launch mid-2035, is a large class space mission by ESA. In partnership with NASA and ESA-member states'; arXiv:2012.02650 (NASA LISA Study Team report) calls NASA a junior partner; the January 2024 adoption date appears in the search summary and the outcomes row, not on a page read here"
tom-prince,Tom Prince (Caltech / JPL),person,astro2010-lisa,"lead author, 'The Promise of Low-Frequency Gravitational Wave Astronomy', Astro2010 science white paper for the LISA International Science Team (February 2009)",https://arxiv.org/abs/0903.0103,confident,"arXiv:0903.0103 front page: 'Lead Author: Tom Prince (Caltech/JPL) for Members of the LISA International Science Team', then 26 LIST members; the LISA RFI response itself is on lisa.nasa.gov (blocked) so this is the open champion statement"
robin-stebbins,"Robin Stebbins (NASA Goddard Space Flight Center, later JILA/University of Colorado)",person,astro2010-lisa,LISA International Science Team member at ranking (2009); later LISA Science Study Team member (2023),https://arxiv.org/abs/0903.0103,confident,"Listed as 'Robin Stebbins (GSFC)' among LIST members on the arXiv:0903.0103 front page; the ESA LISA Definition Study Report (arXiv:2402.07571, authorship page) lists him on the LISA Science Study Team at JILA/University of Colorado. The NASA LISA project scientist title appears only in search snippets"
karsten-danzmann,Karsten Danzmann (AEI Hannover / Leibniz Universitat Hannover),person,astro2010-lisa,LISA International Science Team member at ranking (2009); later project leader: Lead Proposer of the LISA L3 proposal to ESA (January 2017) and LISA Science Study Team member (2023),https://arxiv.org/abs/1702.00786,confident,"arXiv:0903.0103 lists 'Karsten Danzman (U. of Hannover/MPI)' as a LIST member; arXiv:1702.00786 front page: 'Lead Proposer Prof. Dr. Karsten Danzmann', Albert Einstein Institute Hannover; arXiv:2402.07571 lists him on the Science Study Team"
bernard-schutz,"Bernard F. Schutz (Albert Einstein Institute, Potsdam)",person,astro2010-lisa,"lead author, 'Will Einstein Have the Last Word on Gravity?' Astro2010 science white paper (February 2009); LISA International Science Team member",https://arxiv.org/abs/0903.0100,confident,"arXiv:0903.0100 author list begins 'Bernard F. Schutz, Joan Centrella, Curt Cutler, Scott A. Hughes'; arXiv:0903.0103 lists 'Bernard Schutz (AEI Potsdam/MPI)' among LIST members"
scott-hughes,Scott A. Hughes (Massachusetts Institute of Technology),person,astro2010-lisa,LISA International Science Team member (2009); co-author of the Astro2010 white papers arXiv:0903.0100 and arXiv:0902.1527,https://arxiv.org/abs/0903.0103,confident,"arXiv:0903.0103 lists 'Scott Hughes (MIT)' among LIST members; arXiv:0902.1527 ('Coordinated Science in the Gravitational and Electromagnetic Skies', Bloom, Holz, Hughes, Menou) names him as one of four lead authors"
kelly-holley-bockelmann,Kelly Holley-Bockelmann (Vanderbilt University),person,astro2010-lisa,later project leader: first-listed author of the NASA LISA Study Team report 'Getting Ready for LISA' (February 2020); LISA Science Study Team member (2023),https://arxiv.org/abs/2012.02650,confident,"arXiv:2012.02650 is 'A report of the NASA LISA Study Team, Science Support Taskforce', submitted by Holley-Bockelmann as first author; arXiv:2402.07571 authorship page lists her on the LISA Science Study Team (Vanderbilt). A chair title is not stated in either document"
ira-thorpe,Ira Thorpe (NASA Goddard Space Flight Center),person,astro2010-lisa,later project leader: NASA Study Scientist for LISA (2023),https://arxiv.org/abs/2402.07571,confident,"ESA LISA Definition Study Report (ESA-SCI-DIR-RP-002, September 2023, arXiv:2402.07571) authorship page: 'Ira Thorpe (NASA Study Scientist), NASA GSFC', listed with the LISA Science Study Team"
agency-nasa,National Aeronautics and Space Administration,agency,astro2010-new-worlds-tech,funder (sole),https://nap.nationalacademies.org/read/12951,confident,"New Worlds, New Horizons Table ES.4: New Worlds Technology Development Program, $100M-$200M committee-generated, NASA; bets.csv agency NASA"
agency-nasa,National Aeronautics and Space Administration,agency,astro2010-new-worlds-tech,"later: folded the exoplanet technology investment into the WFIRST coronagraph (SDT baseline 2015, about $0.35B of the $2.0B-$2.3B WFIRST-AFTA cost)",https://www.nationalacademies.org/read/23560/chapter/6,confident,"Midterm chapter 4: NASA used the SAT program for exoplanet technology (over $64M total SAT in the first half of the decade); 'At NASA's direction, the 2015 SDT report adopted the coronagraph as a (descopable) part of the baseline WFIRST-AFTA mission'; $0.35B (FY2015$) ascribed to the coronagraph"
marie-levine,Marie Levine (Jet Propulsion Laboratory),person,astro2010-new-worlds-tech,"lead author, 'Terrestrial Planet Finder Coronagraph (TPF-C) Flight Baseline Concept' (November 2009); lead author of the Astro2010 technology white paper 'Overview of Technologies for Direct Optical Imaging of Exoplanets'",https://arxiv.org/abs/0911.3200,guess,"arXiv:0911.3200 author list begins 'Levine, Marie; Lisman, D.; Shaklan, S.; Kasting, J.; Traub, W.' (confident for that paper). The Astro2010 technology white paper 'Overview of Technologies for Direct Optical Imaging of Exoplanets' by Levine, Soummer, Arenberg, Belikov et al. is known only from a search snippet (cited in arXiv:2602.14823), not opened"
stuart-shaklan,Stuart Shaklan (Jet Propulsion Laboratory),person,astro2010-new-worlds-tech,"co-author, TPF-C Flight Baseline Concept (2009)",https://arxiv.org/abs/0911.3200,confident,Third author on arXiv:0911.3200; JPL coronagraph technologist (title not stated in the abstract page)
wesley-traub,Wesley Traub (Jet Propulsion Laboratory / Caltech),person,astro2010-new-worlds-tech,"co-author, TPF-C Flight Baseline Concept (2009); co-author, 'A Vigorous Explorer Program' (2009)",https://arxiv.org/abs/0911.3200,confident,Fifth author on arXiv:0911.3200; listed as 'Wesley Traub (JPL/Caltech)' among the Explorer white paper co-authors (arXiv:0911.3383). The NASA Exoplanet Exploration Program chief scientist title appears only in search snippets
marc-postman,Marc Postman (Space Telescope Science Institute),person,astro2010-new-worlds-tech,"lead author, 'ATLAST: A Technology Roadmap for the Next Decade', Astro2010 technology white paper (April 2009)",https://arxiv.org/abs/0904.0941,confident,arXiv:0904.0941 author list begins 'Marc Postman; Vic Argabright; Bill Arnold; David Aronstein'; ATLAST was the large-aperture direct-imaging concept studied under NASA's 2008 ASMCS program
webster-cash,Webster Cash (University of Colorado),person,astro2010-new-worlds-tech,New Worlds Observer starshade concept lead; concept submitted to Astro2010 (2009),https://arxiv.org/abs/1204.6063,guess,"arXiv:1204.6063 ('The search for habitable worlds: 1. The viability of a starshade mission', Turnbull, Glassman, Roberge, Cash, 2012) names Cash as co-author and refers to the 2010 Decadal; that NWO was submitted to Astro2010 under Cash rests on a search snippet (arXiv:2602.14823), not a page read"
vanessa-bailey,Vanessa P. Bailey (Jet Propulsion Laboratory),person,astro2010-new-worlds-tech,later: lead author of the Nancy Grace Roman Space Telescope Coronagraph Instrument overview (September 2023),https://arxiv.org/abs/2309.08672,confident,arXiv:2309.08672 front page: 'Vanessa P. Bailey ... Send correspondence to V.P.B.'; the Roman Coronagraph is the technology demonstration that absorbed the NWNH New Worlds program per the midterm; her instrument role title is not stated
agency-nasa,National Aeronautics and Space Administration,agency,astro2010-inflation-probe-tech,funder (sole),https://nap.nationalacademies.org/read/12951,confident,"New Worlds, New Horizons Table ES.4: Inflation Probe Technology Development Program, $60M (range $60M-$200M) committee-generated, NASA; bets.csv agency NASA"
agency-nasa,National Aeronautics and Space Administration,agency,astro2010-inflation-probe-tech,later: supported CMB technology through SAT and balloon programs; the B-mode detection trigger for a mission-specific program was never met (2016),https://www.nationalacademies.org/read/23560/chapter/6,confident,"Midterm chapter 4: SAT initiatives 'focused on exoplanet, CMB, gravitational wave, and X-ray science'; the Inflation Probe program was 'contingent on positive B-mode detection' and current efforts were balloon flights plus the proposed ground-based CMB-S4"
daniel-baumann,Daniel Baumann (Harvard University / Princeton),person,astro2010-inflation-probe-tech,"co-lead author, 'CMBPol Mission Concept Study: Probing Inflation with CMB Polarization' (November 2008), the Inflation Working Group input to the Astro2010 CMBPol submission",https://arxiv.org/abs/0811.3919,confident,"arXiv:0811.3919 author list begins 'Daniel Baumann, Mark G. Jackson' with the dagger/double-dagger corresponding marks; the text says the paper was 'included into a larger document to be submitted to the Decadal survey at the end of 2008'. The brief's arXiv:0902.4010 is a different (hep-th) paper"
mark-jackson,Mark G. Jackson (Fermilab / Lorentz Institute),person,astro2010-inflation-probe-tech,"co-lead author, 'CMBPol Mission Concept Study: Probing Inflation with CMB Polarization' (2008)",https://arxiv.org/abs/0811.3919,confident,Second author with a corresponding-author mark on arXiv:0811.3919 (60 authors; Inflation Working Group contribution to the CMBPol Mission Concept Study)
james-bock,James Bock (JPL / Caltech),person,astro2010-inflation-probe-tech,"Principal Investigator, EPIC-IM study for NASA's Einstein Inflation Probe (June 2009) and the EPIC Phase 1 report (2008); CMBPol Strategic Mission Concept Study",https://arxiv.org/abs/0906.1188,confident,"arXiv:0906.1188 study team page: 'James Bock (PI) JPL/Caltech'; arXiv:0805.4207 (EPIC Phase 1) first author; the report says 'As instructed by the decadal review, we assume a start in October 2010' and recommends a technology plus sub-orbital program for the decade"
joanna-dunkley,Joanna Dunkley (Princeton / Oxford),person,astro2010-inflation-probe-tech,"lead author, 'CMBPol Mission Concept Study: Prospects for polarized foreground removal' (November 2008)",https://arxiv.org/abs/0811.3915,confident,"arXiv:0811.3915 author list begins 'Dunkley, J.'; Foreground Removal Working Group contribution to the CMBPol Mission Concept Study submitted to Astro2010"
shaul-hanany,Shaul Hanany (University of Minnesota),person,astro2010-inflation-probe-tech,"EPIC and EPIC-IM study team member (2008, 2009); later: first author of the PICO probe white paper to Astro2020 (2019)",https://arxiv.org/abs/1908.07495,confident,"Listed on the EPIC-IM study team page (arXiv:0906.1188) and as an EPIC Phase 1 author (arXiv:0805.4207); arXiv:1908.07495 'PICO: Probe of Inflation and Cosmic Origins' author list begins 'Hanany, S.'; a PI title is not stated on the abstract page"
adrian-lee,"Adrian T. Lee (University of California, Berkeley / LBNL)",person,astro2010-inflation-probe-tech,"EPIC and EPIC-IM study team member (2008, 2009)",https://arxiv.org/abs/0906.1188,confident,"Listed on the EPIC-IM study team page (arXiv:0906.1188, 'Adrian Lee UC Berkeley') and as an EPIC Phase 1 author; also a Snowmass 2013 CMB topical convener in the CMB-S4 rows, so he sits on both sides of the space versus ground CMB bets"
agency-nsf,National Science Foundation,agency,astro2010-msip,funder (NSF-AST),https://nap.nationalacademies.org/read/12951,confident,"New Worlds, New Horizons Table ES.3: Mid-Scale Innovations Program augmentation, $93M-$200M committee-generated, NSF-AST; bets.csv agency NSF"
agency-nsf,National Science Foundation,agency,astro2010-msip,implemented MSIP by subsuming older programs after the 2012 Portfolio Review; first call June 2013; mid-scale funding fell from $31M (FY2010) to $15.5M (FY2015),https://www.nationalacademies.org/read/23560/chapter/5,confident,"Midterm chapter 3: 'Following the Portfolio Review, NSF-AST issued a first call for proposals for MSIP in June 2013' (38 pre-proposals, $400M requested, six awards $27.1M); Finding 3-3: implementation 'possible only by subsuming previous programs into MSIP and by aggressive divestment from older facilities'; mid-scale funding dropped by nearly a factor of two"
agency-nsf,National Science Foundation,agency,astro2010-gsmt,funder (MREFC share of about 25 percent in one of GMT or TMT),https://nap.nationalacademies.org/read/12951,confident,"New Worlds, New Horizons Table ES.3: GSMT $1.1B-$1.4B total, U.S. federal share $257M-$350M, 'Immediate partner choice for ~25% federal share'; bets.csv agency NSF"
agency-nsf,National Science Foundation,agency,astro2010-gsmt,made no partner selection and no construction commitment in the first half of the decade (2016),https://www.nationalacademies.org/read/23560/chapter/5,confident,"Midterm Finding 3-5: 'NSF budget constraints have prevented NSF's implementation of the NWNH recommendation that NSF-AST select one partner and participate in GSMT construction'; NSF only issued a partnership-planning solicitation, to which TMT responded (about 20 percent MREFC scenario)"
agency-nsf,National Science Foundation,agency,astro2010-gsmt,later: National Science Board anticipated a down-select with a $1.6B ceiling on NSF's contribution (2024-02-27),https://www.aip.org/fyi/nsf-likely-to-drop-one-of-two-giant-telescopes-from-consideration-for-construction-funds,confident,"AIP FYI, 27 February 2024: NSF's governing board set a '$1.6 billion ceiling on the agency's potential contribution' and 'anticipates that a down-selection will be necessary'"
agency-nsf,National Science Foundation,agency,astro2010-gsmt,later: external review commissioned by NSF Director Sethuraman Panchanathan found NSF funding critical to both GMT and TMT but warned either would dominate the facilities budget (2024-12-16),https://www.aip.org/fyi/gmt-and-tmt-still-in-limbo-after-external-review,confident,"AIP FYI, 16 December 2024: panel of external experts' report; NSF Director Panchanathan named as commissioning it"
agency-nsf,National Science Foundation,agency,astro2010-gsmt,"later: advanced GMT to final design without a construction commitment and dropped TMT (FY2026 request, June 2025)",https://www.aip.org/fyi/the-week-of-june-2-2025,confident,AIP FYI week of 2 June 2025: NSF 'will not advance the Thirty Meter Telescope project to the final design phase or supply any further funding' and 'does pledge to advance the Giant Magellan Telescope to the final design phase but does not commit to seek construction funding'
patrick-mccarthy,Patrick J. McCarthy (Giant Magellan Telescope Organization / Carnegie Observatories),person,astro2010-gsmt,GMTO scientist at ranking; co-author of the GMT site-testing summary and final report (2010-2011); GMTO director per search snippets,https://arxiv.org/abs/1101.2340,guess,"arXiv:1101.2340 (January 2011) lists McCarthy with affiliations Giant Magellan Telescope Organization and Carnegie Observatories and cites 'Thomas-Osip, Johns, McCarthy, Phillips, Prieto, GMT Site Testing at Las Campanas: Final Report, GMTO, 2010'; the director (later GMTO president) title rests on search snippets only, gmto.org not reachable"
matt-johns,Matt W. Johns (Giant Magellan Telescope Organization),person,astro2010-gsmt,GMT project manager at ranking per search snippets; author of the GMT Conceptual Design Report (2006) and lead author of 'The Giant Magellan Telescope (GMT)' (SPIE 2012),https://arxiv.org/abs/1101.2340,guess,"arXiv:1101.2340 lists Johns at GMTO and cites 'Johns, M. W., Giant Magellan Telescope Conceptual Design Report, GMT Consortium, 2006'; arXiv:2606.11253 cites 'Johns, M., et al. 2012, The Giant Magellan Telescope (GMT), Proc. SPIE 8444'; the project manager title is a search snippet only"
jerry-nelson,"Jerry Nelson (University of California, Santa Cruz / TMT)",person,astro2010-gsmt,"TMT project scientist at ranking per search snippets; co-author of the TMT site-testing overview (2009) and of 'The Thirty Meter Telescope (TMT) project' (SPIE 2008, with Sanders)",https://arxiv.org/abs/0904.1183,guess,"arXiv:0904.1183 (April 2009) lists J. Nelson among the TMT site-testing authors; arXiv:2606.11253 cites 'Nelson, J. & Sanders, G. H. 2008, The Thirty Meter Telescope (TMT) project, Proc. SPIE 7012'; the project scientist title is not stated on a page read"
gary-sanders,Gary H. Sanders (TMT Observatory Corporation),person,astro2010-gsmt,TMT project manager at ranking per search snippets; co-author of 'The Thirty Meter Telescope (TMT) project' (SPIE 2008) and 'The status of the TMT project' (SPIE 2010),https://arxiv.org/abs/2606.11253,guess,"Known here only through citations: arXiv:2606.11253 reference list ('Nelson, J. & Sanders, G. H. 2008') and search snippets citing 'Sanders and Nelson, The status of the Thirty Meter Telescope project, Proc. SPIE 7733 (2010)'; no page read names his title"
warren-skidmore,"Warren Skidmore (TMT Observatory Corporation, later TMT International Observatory)",person,astro2010-gsmt,TMT site-testing team member at ranking (2009); later: lead author of 'The TMT International Observatory facilitating transformative astrophysical science' (2018),https://arxiv.org/abs/1806.02481,confident,"arXiv:0904.1183 lists W. Skidmore with affiliation 3 (TMT Observatory Corporation); arXiv:1806.02481 front page: 'Warren Skidmore, Thirty Meter Telescope International Observatory, 100 W. Walnut St., Pasadena'"
agency-doe,"U.S. Department of Energy, Office of Science (HEP)",agency,astro2010-acta,"funder (share of a $100M U.S. contribution split DOE, NSF-PHY, NSF-AST)",https://nap.nationalacademies.org/read/12951,confident,"New Worlds, New Horizons Table ES.3 and p. 24: U.S. AGIS team to join the European CTA as a partner with about $100M over the decade shared between DOE, NSF-Physics and NSF-Astronomy; bets.csv agency DOE+NSF"
agency-nsf,National Science Foundation,agency,astro2010-acta,funder (NSF-PHY and NSF-AST shares),https://nap.nationalacademies.org/read/12951,confident,"New Worlds, New Horizons Table ES.3: ACTA 'NSF/DOE; U.S. join European Cerenkov Telescope Array'; bets.csv agency DOE+NSF"
agency-doe,"U.S. Department of Energy, Office of Science (HEP)",agency,astro2010-acta,later: P5 2014 recommended DOE and NSF-PHY invest in CTA only 'if the critical NSF Astronomy funding can be obtained' (May 2014),https://www.usparticlephysics.org/wp-content/uploads/2018/03/FINAL_P5_Report_053014.pdf,confident,"P5 report p. 15 and local sources/p5-2014.txt lines 1296-1312: 'the project costs should be shared by NSF Astronomy, NSF Physics, and DOE ... The scope of the U.S. component of CTA can be reduced by up to a factor of two'; quoted by the midterm chapter 3"
agency-nsf,National Science Foundation,agency,astro2010-acta,later: no line-item U.S. CTA construction share; U.S. plan reduced to the NSF Astronomy and Physics mid-scale level (2016),https://www.nationalacademies.org/read/23560/chapter/5,confident,"Midterm chapter 3: 'The U.S. groups have developed a plan for participation in CTA, but at a lower level than that originally proposed at the time of NWNH. This plan seeks funding at a level appropriate for the mid-scale programs of the Astronomy and Physics divisions of NSF'; Finding 3-7"
agency-nsf,National Science Foundation,agency,astro2010-acta,"later: funded the prototype Schwarzschild-Couder Telescope through the MRI program (award 1229792), not a CTA construction share",https://arxiv.org/abs/1709.06324,confident,"arXiv:1709.06324 acknowledgements: 'Major Research Instrumentation program (MRI award 1229792)'; outcomes row (arXiv:2509.05527) says the SCT is still only a candidate CTA medium-sized telescope, so no U.S. federal construction share"
james-buckley,James Buckley (Washington University in St. Louis),person,astro2010-acta,"first-listed organizer and working-group chair, APS DAP white paper 'The Status and future of ground-based TeV gamma-ray astronomy' (October 2008), the AGIS community case Astro2010 received",https://arxiv.org/abs/0810.0444,confident,"arXiv:0810.0444 front page: 'Organizers and working-group chairs: J. Buckley, Washington University, St. Louis, K. Byrum, ... V. Vassiliev, ... D.A. Williams'; the paper describes 'the AGIS collaboration (Advanced Gamma ray Imaging System)'. The brief's arXiv:0902.4010 is a different (hep-th) paper; the AGIS Astro2010 RFI response itself was not found on arXiv"
vladimir-vassiliev,"Vladimir Vassiliev (University of California, Los Angeles)",person,astro2010-acta,"organizer and working-group chair, AGIS/APS DAP white paper (2008); chaired an AGIS session in its workshop record; later: co-author of the prototype Schwarzschild-Couder telescope optical system papers (2017, 2021)",https://arxiv.org/abs/0810.0444,confident,arXiv:0810.0444 front page organizer list and 'Chairperson: Vladimir Vassiliev' in the appended workshop programme; arXiv:1709.06324 and arXiv:2110.07463 list V. Vassiliev among the pSCT authors
karen-byrum,Karen Byrum (Argonne National Laboratory),person,astro2010-acta,"organizer and working-group chair, AGIS/APS DAP white paper (2008)",https://arxiv.org/abs/0810.0444,confident,"arXiv:0810.0444 front page: 'K. Byrum, Argonne National Laboratory' among organizers; 'Chairperson: Karen Byrum' in the appended workshop programme"
henric-krawczynski,Henric Krawczynski (Washington University in St. Louis),person,astro2010-acta,"organizer and working-group chair, AGIS/APS DAP white paper (2008)",https://arxiv.org/abs/0810.0444,confident,"arXiv:0810.0444 front page lists 'H. Krawzcynski, Washington University, St. Louis' (sic) among organizers and working-group chairs"
rene-ong,"Rene A. Ong (University of California, Los Angeles)",person,astro2010-acta,later project leader: represented the CTA Consortium in its 2017 status review; lead author of the U.S. CTA site characterization (2013),https://arxiv.org/abs/1709.05434,confident,"arXiv:1709.05434 title page: 'The CTA Consortium, represented by Rene A. Ong'; arXiv:1307.4719 'Characterization of Potential U.S. Sites for the Cherenkov Telescope Array', R.A. Ong, T. Aune, J. Hall for the CTA Consortium; his CTA co-spokesperson title appears only in search snippets"
brian-humensky,T. Brian Humensky (Columbia University),person,astro2010-acta,"later: co-author of the prototype Schwarzschild-Couder telescope papers (2017, 2021), the U.S. CTA hardware contribution",https://arxiv.org/abs/1709.06324,confident,"arXiv:1709.06324 author list (Nieto, Humensky, Vassiliev et al.); project leadership title not stated on the pages read"
agency-nsf,National Science Foundation,agency,astro2010-ccat,"funder (about one-third federal share, $37M of $140M plus $7.5M/yr operations)",https://nap.nationalacademies.org/read/12951,confident,"New Worlds, New Horizons Table ES.2: CCAT 'University-led, 33% federal share', NSF-AST; bets.csv agency NSF"
agency-nsf,National Science Foundation,agency,astro2010-ccat,"funded only $4.75M of design (2011-2015), declined a line item, and did not fund the consortium's MSIP proposal (2016)",https://www.nationalacademies.org/read/23560/chapter/5,confident,Midterm chapter 3: 'The NSF contribution so far this decade to CCAT has been support for the design at $4.75 million from 2011 to 2015'; Portfolio Review supported CCAT only if MSIP reached $30M/yr; the MSIP proposal 'was not funded'; Finding 3-8
riccardo-giovanelli,Riccardo Giovanelli (Cornell University),person,astro2010-ccat,lead author of the CCAT Astro2010 white paper (2009) per the CCAT publications list; co-author of the 2006 and 2007 CCAT concept papers,https://arxiv.org/abs/0704.3031,guess,"The 2009 white paper ('Giovanelli, R., Carpenter, J., Radford, S., Sebring, T., Soifer, T., Stacey, G., Zmuidzinas, J. and the CCAT Collaboration') is known only from a search snippet of submm.caltech.edu, host not opened; arXiv:0704.3031 and arXiv:astro-ph/0610528 list him as second author (Cornell CRSR), confident for those"
simon-radford,Simon J. E. Radford (Caltech),person,astro2010-ccat,"lead author, 'The Cornell Caltech Atacama Telescope' (2007); co-author of the 2009 Astro2010 white paper per the CCAT publications list",https://arxiv.org/abs/0704.3031,confident,"arXiv:0704.3031 (April 2007) author list: Radford, Giovanelli, Sebring, Zmuidzinas; the paper says Cornell, Caltech and JPL are jointly studying a 25 m submillimeter telescope with initial observations then planned for 2012"
thomas-sebring,Thomas A. Sebring (Cornell University),person,astro2010-ccat,"lead author, 'CCAT: a 25 m aperture telescope above 5000 m altitude' (SPIE 2006); CCAT project manager per search snippets",https://arxiv.org/abs/astro-ph/0610528,guess,"arXiv:astro-ph/0610528 author list begins 'Thomas A. Sebring, Riccardo Giovanelli' (Cornell CRSR); the text says the feasibility study was led by 'a Project Manager and Deputy' without naming them, so the project manager title is a guess"
jonas-zmuidzinas,Jonas Zmuidzinas (Caltech / JPL),person,astro2010-ccat,co-author of the 2006 and 2007 CCAT concept papers and of the 2009 Astro2010 white paper per the CCAT publications list,https://arxiv.org/abs/0704.3031,confident,Fourth author on arXiv:0704.3031 and arXiv:astro-ph/0610528 (Caltech); also on the EPIC-IM study team (arXiv:0906.1188)
gordon-stacey,Gordon J. Stacey (Cornell University),person,astro2010-ccat,co-author of the 2009 CCAT white paper per the CCAT publications list; later project leader: lead author of 'CCAT-prime: Science with an Ultra-widefield Submillimeter Observatory at Cerro Chajnantor' (2018),https://arxiv.org/abs/1807.04354,confident,"arXiv:1807.04354 (SPIE June 2018) author list begins 'G.J. Stacey, Cornell'; the paper describes the 6 m CCAT-prime 'that we are constructing'; his 2009 authorship is from the search snippet only"
michael-niemack,Michael D. Niemack (Cornell University),person,astro2010-ccat,later project leader: designer of the CCAT-prime/FYST crossed-Dragone telescope concept (2016) and co-author of the Prime-Cam status papers (2018-2026),https://arxiv.org/abs/2608.25111,confident,"arXiv:2608.25111 reference [3]: 'Niemack, M. D., Designs for a large-aperture telescope to map the CMB 10x faster, Applied Optics 55 (2016)'; listed among the Prime-Cam authors (Cornell); a project director title is not stated"
eve-vavagiakis,Eve M. Vavagiakis (Duke University / Cornell University),person,astro2010-ccat,later project leader: lead author for the CCAT Collaboration of the Prime-Cam overview and status (August 2026) and the CCAT Observatory overview (November 2025),https://arxiv.org/abs/2608.25111,confident,arXiv:2608.25111 front page: 'Eve M. Vavagiakis ... and the CCAT Collaboration'; arXiv:2511.01707 'E. M. Vavagiakis for the CCAT Collaboration'; both say the CCAT Collaboration is 'an international partnership of institutions led by Cornell University'
