bet_id,agency_record,source_url,confidence,rationale
p5-2014-mu2e,DOE,https://www.energy.gov/documents/fy-2025-high-energy-physics-budget-request,confident,"DOE HEP construction project (rebaselined TPC Dec 2022, final funding FY2023) at Fermilab; no NSF project funding"
p5-2014-muon-g-2,DOE+NSF,https://arxiv.org/pdf/1501.06858,confident,"DOE MIE (CD-2/3 Aug 2015, TPC $46.4M per FY2018 DOE budget) plus a 2013 NSF MRI that funded the calorimeter detectors, electronics and DAQ per the TDR"
p5-2014-lbnf,DOE,https://www.energy.gov/documents/fy-2025-high-energy-physics-budget-request,confident,DOE HEP line-item construction project with international in-kind partners; NSF funds only university research groups
p5-2014-pip-ii,DOE,https://www.energy.gov/documents/fy-2025-high-energy-physics-budget-request,confident,"DOE HEP line-item construction project at Fermilab with foreign in-kind contributions (India, Italy, UK, France, Poland)"
p5-2014-dm-g3,DOE,https://arxiv.org/abs/2410.17137,guess,Not built; DOE HEP budgets fund design and planning for new dark matter concepts and the XLZD design book cites DOE lab contracts; NSF appears only as a university award
p5-2014-ilc,DOE,https://www.energy.gov/sites/prod/files/FY07Volume4.pdf,guess,Not built; US ILC R&D and prospective construction role ran through DOE HEP (FY2007 budget doubled ILC R&D); NSF role limited to university accelerator groups
p5-2014-nustorm,DOE,https://arxiv.org/abs/1308.6822,guess,"Not built; proposed to the Fermilab PAC, so any funding would have come from DOE, Fermilab's sponsor (inferred)"
p5-2014-radar,DOE,https://news.fnal.gov/wp-content/uploads/p5-report-2014.pdf,guess,"Not built; proposed LAr TPC at Ash River on the DOE NuMI beamline to offset LBNF R&D, so DOE is the implied funder (inferred)"
p5-2014-orka,DOE,https://news.fnal.gov/wp-content/uploads/p5-report-2014.pdf,guess,"Not built; proposed kaon experiment at Fermilab, a DOE lab, so DOE is the implied funder (inferred)"
p5-2014-chips,DOE,https://arxiv.org/html/2401.11728v1,confident,"CHIPS acknowledgements name Fermilab and the US DOE as the US funders, alongside UK Leverhulme, Royal Society and ERC; no NSF"
p5-2014-lar1,DOE,https://news.fnal.gov/2021/09/scientists-assemble-final-detector-of-fermilabs-short-baseline-neutrino-program/,confident,LAr1-ND evolved into SBND; Fermilab states the SBND project is supported by the DOE Office of Science (NSF named only in collaboration acknowledgements)
p5-2014-mice,DOE+NSF,https://arxiv.org/abs/1907.08562,guess,"MICE papers credit DOE and NSF (USA) with STFC as lead; US hardware came via DOE MAP, and NSF share could be university grants only"
p5-2014-pingu,NSF,https://arxiv.org/abs/2509.13066,confident,"PINGU was never funded; the smaller IceCube Upgrade was NSF-funded (about 70 percent per Physics Today, unreadable) with foreign partners; no DOE"
p5-2014-sbn,DOE,https://news.fnal.gov/2018/06/united-states-and-italy-sign-agreement-to-collaborate-on-sterile-neutrino-research/,guess,DOE funds the SBN program at Fermilab with ICARUS from INFN; the 2018 agreement lists NSF among funders but no NSF construction award was found
p5-2014-cmb-s4,DOE+NSF,https://www.energy.gov/documents/fy-2025-high-energy-physics-budget-request,confident,"Planned as a DOE-lead partnership with NSF (DOE CD-0 2019); both agencies ended the project in July 2025, never built"
p5-2014-cta,NSF,https://arxiv.org/abs/2012.08448,guess,"US never joined CTAO construction; the only US-funded hardware, the pSCT prototype, was built with NSF awards (P5 proposed NSF and DOE cost share)"
p5-2014-desi,DOE,https://www.energy.gov/sites/prod/files/2017/05/f34/FY2018BudgetVolume4_1.pdf,confident,"DOE HEP MIE (CD-2 Sept 2015) mounted on the NSF Mayall telescope, whose operations DOE took over; NSF did not fund the instrument"
p5-2014-dm-g2,DOE+NSF,https://news.fnal.gov/2018/05/construction-begins-on-one-of-the-worlds-most-sensitive-dark-matter-experiments/,confident,LZ and ADMX-G2 are DOE projects; DOE and NSF jointly approved funding and construction of SuperCDMS SNOLAB
p5-2014-hl-lhc,DOE+NSF,https://www.energy.gov/documents/fy-2025-high-energy-physics-budget-request,confident,DOE HL-LHC ATLAS and CMS detector upgrade projects (CD-2/3 2023) plus NSF MREFC projects approved FY2020 for different scope
p5-2014-lhc-phase-1,DOE+NSF,https://news.fnal.gov/2019/08/uscms-completes-phase-1-upgrade-program-for-cms-detector-at-cern/,confident,Fermilab reports USCMS delivered $40M of Phase-1 upgrades with support from the DOE Office of Science and NSF
p5-2014-lsst,DOE+NSF,https://www.energy.gov/sites/prod/files/2017/05/f34/FY2018BudgetVolume4_1.pdf,confident,NSF led the observatory construction (MREFC) and DOE built the LSST camera as an MIE (TPC $168M); both operate Rubin
