bet_id,question,result,pt_category,as_of,value,source_url,confidence,rationale
p5-2014-muon-g-2,science,surprise,,2025-06-03,"a_mu(FNAL) = 116 592 070.5(14.8) x 10^-11, 127 ppb (design goal 140 ppb); Theory Initiative WP25 SM a_mu = 116 592 033(62) x 10^-11, so exp minus SM = 38(63) x 10^-11, about 0.6 sigma; the 3.5 sigma discrepancy of 2014 is gone",https://arxiv.org/abs/2506.03069 https://arxiv.org/abs/2505.21476,confident,"P5 2014 sold the experiment on sharpening a 3.5 sigma discrepancy with the Standard Model that might point to new physics; the measurement was delivered beyond spec (127 ppb, June 2025) but the WP25 prediction (May 2025) replaced the data-driven hadronic vacuum polarization with lattice QCD after CMD-3 made the e+e- data uncombinable, moving the prediction onto the measurement so that there is no tension at current precision. Surprise: the question was answered, by theory moving rather than experiment, and the answer is no discrepancy."
p5-2014-dm-g2,science,partial,,2026-09-02,"LZ 4.2 t-yr (2024): no WIMP, SI limit 2.2 x 10^-48 cm2 at 40 GeV (90% CL), world-leading above 9 GeV; ADMX excludes DFSZ axions 3.27 to 3.34 ueV and reaches KSVZ 4.54 to 5.41 ueV; SuperCDMS SNOLAB science data from mid-2026, no result yet; LZ 2026 extended-window search: one 248 keV event, 2.6 sigma global",https://arxiv.org/abs/2410.17036 https://arxiv.org/abs/2408.15227,confident,"P5 asked for a broad G2 program with at least an order of magnitude gain in cross-section sensitivity over a 1 GeV to 100 TeV range and discovery reach, 2015 to 2024; LZ delivered far more than an order of magnitude (2.2 x 10^-48 cm2 at 40 GeV, roughly two orders below the 2014-era limits, that comparison not re-verified here) and ADMX reached DFSZ sensitivity in a narrow band, but nothing was found and the low-mass leg (SuperCDMS) has no data yet. Partial: the promised reach was delivered and the WIMP question is answered negatively over it, with no discovery and the program still incomplete at the low-mass end; yes is defensible if the promise is read as sensitivity alone."
p5-2014-sbn,science,partial,,2026-04-15,"MicroBooNE 2021: no excess of electron neutrinos, electrons as sole source of the MiniBooNE excess excluded at >99% CL; MicroBooNE 2022 3+1 fit (6.37 x 10^20 POT): no evidence of sterile oscillations, part of anomaly region excluded; ICARUS Run 2 (2022-2023): no numu disappearance at 600 m, systematics limited; SBND taking data since 2024-12, SBN two-detector analysis (about 5 sigma coverage of the anomaly region) still pending",https://arxiv.org/abs/2110.14054 https://arxiv.org/abs/2603.22557,confident,"P5 asked for small short-baseline experiments that conclusively address the sterile neutrino hints in 2015 to 2020; MicroBooNE ruled out the electron interpretation of the MiniBooNE excess and excluded part of the 3+1 space, ICARUS found no muon neutrino disappearance but is systematics limited, and the decisive two-detector SBND plus ICARUS analysis has not been published as of 2026-10. Partial: the anomaly is much narrowed but not conclusively resolved, and the conclusive test is about six years past the P5 window."
p5-2014-lar1,science,building,,2026-04-15,"scored on SBND: operating since 2024-07 with stable BNB data from 2024-12 at about 7,000 neutrino events per day, 10^21 POT planned by the late 2027 to early 2028 shutdown; no SBND oscillation result yet; the SBN two-detector sterile test (about 5 sigma over the anomaly region) awaits the joint SBND plus ICARUS analysis",https://arxiv.org/abs/2504.00245 https://arxiv.org/abs/2603.22557,confident,"LAr1 was to address the short-baseline anomalies with a mid-scale LAr detector; P5 declined it and its near detector became SBND, which has published no oscillation result, while ICARUS (2026) has only a systematics-limited single-detector numu disappearance limit that it says needs SBND to become robust. Building: the realized detector is running and the decisive joint result is expected after the 2027 exposure is in hand; MicroBooNE's partial answer is scored on the SBN row."
p5-2014-lhc-phase-1,science,yes,,2026-09-01,"Run 3 (from 2022-07-05, 13.6 TeV) ran with the Phase-1 detectors; ATLAS H to 4l with 164 fb-1 at 13.6 TeV: sigma_fid = 3.65 +0.35 -0.33 fb vs SM 3.68 +/- 0.17 fb, signal strength mu = 0.99 +/- 0.13; CMS Run 2 combination mu = 1.014 +0.055 -0.053; all consistent with the Standard Model",https://arxiv.org/abs/2605.19016 https://arxiv.org/abs/2602.18611,confident,"P5's question for the Phase-1 upgrade was modest: keep ATLAS and CMS performing for the 14 TeV Higgs, dark matter and new-particle program ahead of HL-LHC; Run 3 with the upgraded detectors has produced Higgs measurements at 13.6 TeV in agreement with the Standard Model and no deviation. Yes on its own question (the detectors performed and the physics was done), noting that the physics answer so far is null and new-particle search papers were not surveyed here."
p5-2014-mice,science,yes,,2020-02-05,"first demonstration of ionization cooling, Nature 578, 53 (2020), arXiv:1907.08562, from Step IV data taken 2016 to 2017; transverse emittance reduction through LiH and liquid hydrogen absorbers confirmed in arXiv:2310.05669 (2023); the full Step VI sustainable-cooling demonstration was never built",https://arxiv.org/abs/1907.08562 https://arxiv.org/abs/2310.05669,confident,"MICE's question was whether ionization cooling of a muon beam works, the enabling step for a muon collider or neutrino factory; P5 2014 recommended consulting partners on early termination, the experiment was rebaselined to Step IV, and the UK-led collaboration published the first demonstration of ionization cooling in 2020 with a clear emittance reduction confirmed in 2023. Yes: the core question was answered, at reduced scope (no re-acceleration or sustained cooling), and the answer came despite, not because of, the P5 recommendation."
p5-2014-lsst,science,building,,2026-06-30,"LSST began 2026-06-30; LSSTCam commissioning from April 2025; no dark energy result; Rubin's commissioning paper expects one year of LSST cosmic shear to reach precision comparable to DESI, so earliest dark energy result about 2028; P5 asked percent-level dark energy and structure growth by 2030",https://arxiv.org/abs/2606.09938 https://news.fnal.gov/2026/06/action-nsf-doe-vera-c-rubin-observatory-begins-capturing-the-greatest-cosmic-movie-ever-made/,confident,"Same facility as astro2010-lsst, same logic: the survey started 2026-06-30, six years into the 2020 to 2030 P5 window, and has produced no measurement of dark energy or structure growth; the live question it will test is DESI's evolving dark energy hint (w0 > -1, wa < 0). Building."
p5-2014-mu2e,science,building,,2026-09-22,"no physics data; detector in installation and commissioning, Run I expected second half of 2027; goal R_mue < 8 x 10^-17 at 90% CL against the SINDRUM II limit of 7 x 10^-13, about four orders of magnitude as P5 promised",https://arxiv.org/html/2609.25943,confident,"P5 asked Mu2e to search for muon to electron conversion four orders of magnitude beyond existing bounds; the experiment has taken no physics data and Run I starts in the second half of 2027 (arXiv:2609.25943), with Run II after the 2028 Fermilab shutdown. Building; no other experiment has answered meanwhile (COMET Phase I has not reported a conversion result in sources read here)."
p5-2014-hl-lhc,science,building,,2026-02-24,"HL-LHC operation set for 2030 after Long Shutdown 3 (from summer 2026); ten times the collisions, first access to Higgs self-interaction; US cryoassemblies five delivered and five more by mid-2027; interim Run 3 Higgs measurements consistent with the SM",https://news.fnal.gov/2026/02/hilumi-lhc-full-scale-tests-start/ https://arxiv.org/abs/2504.00672,confident,"P5 asked HL-LHC to measure Higgs couplings to a few percent and extend new-particle and dark matter reach in the 2020s; the machine is not yet running (operation 2030, Fermilab Feb 2026) and the ATLAS and CMS HL-LHC projections (arXiv:2504.00672) are the only statement of what it will deliver. Building; the Run 3 results so far show the Standard Model holding."
p5-2014-pip-ii,science,building,,2026-07-09,"800 MeV SRF linac; first beamline component (RFQ) installed 2026-07, power-up for beam commissioning 2027; TPC $978M, CD-4 1Q FY2033; KPP: Booster, Recycler and Main Injector upgrades required to deliver 1.2 MW onto the LBNF target; DUNE first beam 2031",https://news.fnal.gov/2026/07/fermilab-installs-first-beamline-component-for-new-state-of-the-art-accelerator/ https://www.energy.gov/documents/fy-2027-high-energy-physics-budget-request,confident,"PIP-II's question is an engineering one, more than 1 MW of proton beam by the first operation of LBNF; no beam has been accelerated (RFQ installed July 2026, power-up 2027) and the FY2027 budget justification sets CD-4 at 1Q FY2033 with a 1.2 MW key performance parameter. Building; whether it beats first LBNF beam (2031) is open."
p5-2014-pingu,science,building,,2026-09-21,"PINGU (LoI 2014) promised the mass ordering at 3 sigma in under 4 years; never funded; scored on the IceCube Upgrade: five of seven strings deployed 2025/26, science data expected fall 2026; projected Upgrade NMO sensitivity up to 3 sigma within 5 years if normal, up to 2 sigma if inverted; the ordering is not determined at 3 sigma by anyone as of 2026-10 (see LBNF row)",https://arxiv.org/abs/2509.13066 https://arxiv.org/abs/1401.2046,confident,"P5 encouraged PINGU as a way to determine the neutrino mass hierarchy sooner than competing methods and to probe low-mass WIMPs; PINGU was never built, the smaller IceCube Upgrade has just been deployed with no data yet, and its own projection (up to 3 sigma in 5 years for normal ordering) is weaker than PINGU's promise. Building; JUNO (running since 2025) is now expected to answer first, per the LBNF evidence file; the fall 2026 science-data date rests on the ledger's cost-schedule row from arXiv:2609.24387, whose abstract page read here does not state it."
p5-2014-chips,science,no,,2020-07,"never took neutrino data: the CHIPS-5 prototype was deployed in a Minnesota mine pit in October 2019, liner damage and Covid access limits prevented data taking, and it was removed in 2020",https://arxiv.org/abs/2401.11728,confident,"CHIPS proposed a cheap water Cherenkov detector on the NuMI off-axis beam to add sensitivity to the mass hierarchy and CP violation; its own design paper says issues during and after deployment prevented data taking. No: it answered nothing on the science question, though it did demonstrate design concepts for cheap large detectors; P5 declined it, so the cancellation of the full concept attributes to the committee and the prototype's failure to the project."
