bet_id,question,result,pt_category,as_of,value,source_url,confidence,rationale
p5-2014-mu2e,built,building,,2026-09,,https://arxiv.org/html/2609.25943,confident,"Detector installed and in beam and cosmic commissioning; Run I physics expected second half of 2027, so it could still operate by 2029 (likely category 1)"
p5-2014-muon-g-2,built,yes,1,2025-06-03,2017-05-31,https://news.fnal.gov/2025/06/muon-g-2-most-precise-measurement-of-muon-magnetic-anomaly/,confident,"Ring moved from BNL; operations began May 31 2017, data taking ended May 2023, final result June 3 2025; DOE-hosted at Fermilab"
p5-2014-hl-lhc,built,building,,2026-02,,https://news.fnal.gov/2026/02/hilumi-lhc-full-scale-tests-start/,confident,"US magnet cryoassemblies delivered and more due by mid-2027; LS3 began summer 2026 and HL-LHC operation is set for 2030, after the 2029 cutoff; mostly CERN-funded so likely category 4 once running"
p5-2014-lhc-phase-1,built,yes,2,2022-07-05,2022-07-05,https://news.fnal.gov/tag/lhc-run-3/,confident,Phase-1 upgrades installed during LS2 and Run 3 began July 5 2022; category 2 because the LHC upgrade is mostly CERN and non-US funded (funding share inferred)
p5-2014-lbnf,built,building,,2026-05-07,,https://news.fnal.gov/2026/05/fermilab-marks-major-milestone-for-world-leading-dune-experiment/,confident,"Detector steel installation began May 2026; first neutrino beam to DUNE targeted by 2031, after 2029, so category 3 at best once built"
p5-2014-pip-ii,built,building,,2026-07,,https://news.fnal.gov/2026/07/fermilab-installs-first-beamline-component-for-new-state-of-the-art-accelerator/,confident,"First component (RFQ) installed July 2026 with RFQ power-up planned 2027; completion date not confirmed from a readable source (snippets cite about 2029), so it could still finish by 2029"
p5-2014-ilc,built,no,5,2025-05,,https://arxiv.org/abs/2505.11292,guess,No host approval or construction; a 2025 status report still describes the ILC as a plan under discussion for Japan; very unlikely in any near term
p5-2014-nustorm,built,no,5,2025-05,,https://arxiv.org/abs/2505.06137,confident,P5 rated it N in all scenarios for cost; never built at Fermilab and as of 2025 only a proposed implementation at CERN
p5-2014-radar,built,no,5,2014-05,,https://news.fnal.gov/wp-content/uploads/p5-report-2014.pdf,guess,P5 rated it N in all scenarios to focus resources on LBNF; no evidence it proceeded (absence inferred)
p5-2014-lsst,built,yes,1,2026-06-30,2026-06-30,https://news.fnal.gov/2026/06/action-nsf-doe-vera-c-rubin-observatory-begins-capturing-the-greatest-cosmic-movie-ever-made/,confident,First Look imagery released June 23 2025 and the LSST survey officially began June 30 2026; funded by NSF and DOE (camera)
p5-2014-dm-g2,built,yes,1,2026-03,2021-12,https://news.fnal.gov/2022/07/berkeley-lab-researchers-record-successful-startup-of-lux-zeplin-dark-matter-detector-at-sanford-underground-research-facility/,confident,"LZ science operations began end of Dec 2021 with first results July 2022; ADMX G2 ran from Jan 2017; SuperCDMS SNOLAB was on schedule for science data mid-2026 per Fermilab Mar 2026 (Aug 2026 start reported by SLAC, host unreachable)"
p5-2014-dm-g3,built,no,,2026-04,,https://arxiv.org/abs/2410.17137,guess,"XLZD remains a proposed design; local news (bhpioneer.com, unreachable) reports DOE paused G3 funding in 2026 in favor of extending LZ; could still operate mid-2030s so category is unsettled"
p5-2014-cmb-s4,built,cancelled,5,2025-07,2025-07,https://www.aip.org/fyi/the-week-of-july-14-2025,confident,"DOE and NSF announced in July 2025 they will no longer pursue CMB-S4, after NSF ruled out the South Pole site in May 2024"
p5-2014-pingu,built,partial,1,2026-02,2026-01,https://arxiv.org/abs/2609.24387,guess,PINGU itself was never funded; the smaller NSF-led IceCube Upgrade (five new strings) was deployed in the 2025/26 austral summer; NSF share of about 70 percent is from an unread secondary source
p5-2014-orka,built,no,5,2014-05,,https://news.fnal.gov/wp-content/uploads/p5-report-2014.pdf,guess,P5 could not recommend it due to resource constraints (N in all scenarios); no later construction found (absence inferred)
p5-2014-mice,built,partial,2,2017-12,2016,https://arxiv.org/abs/1805.07128,confident,Descoped in 2014 to a reduced ionization-cooling demonstration at RAL; Step IV data taken 2016 and 2017 and cooling reported in Nature 2020; UK STFC-led (funding share inferred)
p5-2014-chips,built,partial,5,2020-09,,https://arxiv.org/html/2401.11728v1,confident,CHIPS-5 prototype deployed in a Minnesota mine pit in Oct 2019 but liner damage and Covid access limits prevented any data taking; removed from the water in 2020
p5-2014-lar1,built,partial,1,2024-12,2024-07,https://arxiv.org/abs/2504.00245,confident,"P5 did not recommend LAr1; its near detector evolved into SBND, operating July 2024 with stable beam data Dec 2024, while ICARUS took the far detector role"
p5-2014-desi,built,yes,1,2026-04,2021-05,https://news.fnal.gov/2026/04/desi-completes-planned-3d-map-of-the-universe-and-continues-exploring/,confident,Survey data collection began May 2021 and the planned five-year survey was completed April 2026; DOE Office of Science is the primary funder
p5-2014-cta,built,no,5,2025,,https://arxiv.org/abs/2012.08448,guess,Only the NSF-funded pSCT prototype was built (inaugurated Jan 2019); no DOE or NSF construction share and US not a CTAO ERIC member as of 2025 per secondary reports; CTAO proceeds on European funding
p5-2014-sbn,built,yes,1,2024-09,2024-07,https://news.fnal.gov/2024/09/first-neutrinos-detected-at-fermilab-short-baseline-detector/,confident,"MicroBooNE (data through 2021), ICARUS (data from 2021) and SBND (first neutrinos 2024) all operated; DOE-hosted though ICARUS came from INFN (funding share inferred)"
astro2010-wfirst,built,yes,3,2026-08-30,2026-08-30,https://www.aip.org/news-and-analysis/aas/nasa-launches-nancy-grace-roman-space-telescope,confident,"Launched as Roman on a Falcon Heavy from KSC pad 39A early Sunday Aug 30 2026 (page dated that day), updating Pan and Trimble's 2027?; NASA funded and launched after 2025 so category 3"
astro2010-explorer,built,partial,1,2016,,https://www.nationalacademies.org/read/23560/chapter/6,confident,"NWNH asked for a $463M decadal augmentation (2 MIDEX, 2 SMEX, 4 MoOs); midterm found it delayed (first SMEX AO 2014) and NASA planned only about four AOs for 2012-2021; Explorers kept flying (IXPE 2021 per Pan and Trimble) so federal program operating by 2025"
astro2010-lisa,built,building,4,2026-08-31,,https://arxiv.org/html/2608.31160v1,confident,"ESA adopted LISA in Jan 2024 for a mid-2035 launch and NASA's hardware contribution (lasers, telescopes, charge management) is a formal project; midterm put the US stake near 10 percent, so mostly ESA funded, category 4"
astro2010-ixo,built,no,4,2025-02,,https://arxiv.org/html/2502.10866v1,guess,"NASA withdrew in 2011 and IXO was rescoped into ESA-led Athena, now NewAthena, with NASA contributing X-IFU hardware; adoption slated for early 2027 and launch mid-2037, so category 4 per Pan and Trimble if it proceeds, but it is not yet adopted"
astro2010-new-worlds-tech,built,yes,1,2016,,https://www.nationalacademies.org/read/23560/chapter/6,confident,"Midterm found planned investment exceeded the NWNH $100M to $200M level, driven by the roughly $350M WFIRST coronagraph plus continued starshade work; the Roman Coronagraph launched Aug 2026; NASA funded"
astro2010-inflation-probe-tech,built,yes,1,2016,,https://www.nationalacademies.org/read/23560/chapter/6,confident,"Midterm found the Inflation Probe technology program well aligned with NWNH (detector and balloon and ground support); no probe was ever started and ground-based CMB-S4 was canceled in 2025, but the tech program itself ran as recommended"
astro2010-lsst,built,yes,1,2026-06-30,2025-06-23,https://news.fnal.gov/2026/06/action-nsf-doe-vera-c-rubin-observatory-begins-capturing-the-greatest-cosmic-movie-ever-made/,confident,"NSF-DOE Rubin released first imagery June 23 2025 (energy.gov) and formally began the 10-year LSST June 2026; operating by 2025 and federally funded, category 1"
astro2010-msip,built,partial,1,2016,,https://www.nationalacademies.org/read/23560/chapter/5,confident,MSIP was created and makes awards (Pan and Trimble: many funded) but NSF-AST mid-scale funding fell from $31M in FY2010 to $15.5M in FY2015 and $21M in FY2016 versus the recommended $40M per year
astro2010-gsmt,built,building,4,2026-04-09,,https://www.aip.org/fyi/trump-proposes-deep-research-cuts-new-icebreaker-for-nsf,guess,"NSF moved GMT to final design in 2025 and dropped TMT, but the FY2027 request says GMT will be completed without further NSF funds, so no federal construction share yet; GMT proceeds on partner money, category 4"
astro2010-acta,built,building,4,2026-05-18,,https://arxiv.org/html/2605.18596,guess,"CTAO is under construction as a European-led observatory; US role is limited to NSF-funded university work on the Schwarzschild-Couder Telescope, still only a candidate MST (arXiv 2509.05527), so no real US federal share; category 4"
astro2010-ccat,built,building,4,2026-08-25,,https://arxiv.org/abs/2608.25111,confident,"Descoped from 25 m CCAT to the 6 m Fred Young Submillimeter Telescope, still under construction with Prime-Cam integration late 2026 and early science in 2027; NSF gave only $4.75M for design (midterm), so mostly non-federal; will be partial once operating"
astro2010-spica,built,cancelled,5,2020-10,2020-10,https://arxiv.org/abs/2106.08345,confident,"SPICA was withdrawn from ESA M5 in October 2020 (Pan and Trimble agree); the 2016 midterm said NASA could not participate, so no US contribution was ever made"
